category,category_label,category_format,plant_product,plant_code,plant_display,is_source_leader,animal_product,animal_code,animal_display,modality,n,plant_mean,animal_mean_paired,mean_diff,sd_diff,se_diff,ci90_low,ci90_high,ci95_low,ci95_high,lower_one_sided_95,minimum_data_supported_margin,cohen_dz,hedges_gz,matched_rank_biserial,same_or_better,same_or_better_n,plant_higher,equal,animal_higher,paired_t_p_two_sided,wilcox_p_two_sided,boot_reps,mean_diff_boot_low,mean_diff_boot_high,cohen_dz_boot_low,cohen_dz_boot_high,leader_estimand,delta,p_ni,noninferior_nominal,ni_decision_nominal,p_holm_endpoint_margin,p_fdr_endpoint_margin,noninferior_holm_endpoint_margin,noninferior_fdr_endpoint_margin,p_holm_primary_14,noninferior_holm_primary_14,p_holm_all70,noninferior_holm_all70
Bacon,Bacon,processed/strip,Plant-based Leader,334,Plant-based Leader / 334,TRUE,Animal-based (Oscar Mayer),674,Animal-based (Oscar Mayer) / 674,Overall Liking,92,4.1521739130434785,6.228260869565218,-2.0760869565217392,1.774258524295935,0.18497923828966853,-2.3834801189967942,-1.7686937940466843,-2.4435254895020946,-1.7086484235413841,-2.3834801189967942,2.3834801189967942,-1.1701152498875982,-1.160444875921585,-0.9354938271604938,0.18478260869565216,17,0.05434782608695652,0.13043478260869565,0.8152173913043478,7.358079098607123e-19,2.485356349642302e-13,2000,-2.4347826086956523,-1.7173913043478262,-1.4283474639609295,-0.951092475471241,source-designated leader,0.3,0.9999999999999991,FALSE,Does not meet NI criterion,1,0.9999999999999991,FALSE,FALSE,,,,
Bratwurst,Bratwurst,processed/sausage,Plant-based Leader,702,Plant-based Leader / 702,TRUE,Animal-based (Johnsonville),491,Animal-based (Johnsonville) / 491,Overall Liking,106,5.028301886792453,5.89622641509434,-0.8679245283018868,1.8977453875993315,0.1843253265328937,-1.1738115567281733,-0.5620374998756004,-1.233407601098568,-0.5024414555052056,-1.1738115567281733,1.1738115567281733,-0.4573450864237487,-0.45407053926558344,-0.5709185329438494,0.4056603773584906,43,0.14150943396226415,0.2641509433962264,0.5943396226415094,7.657939352575457e-6,8.965332001686828e-6,2000,-1.2358490566037736,-0.5094339622641509,-0.6881830633754494,-0.2569041750613496,source-designated leader,0.3,0.9986832124996783,FALSE,Does not meet NI criterion,1,0.9999999999999991,FALSE,FALSE,,,,
Breaded_Chicken_Filets,Breaded Chicken Filets,breaded/coated,Plant-based Leader,491,Plant-based Leader / 491,TRUE,Animal-based (Tyson),396,Animal-based (Tyson) / 396,Overall Liking,78,4.871794871794871,5.384615384615385,-0.5128205128205128,1.9852939181370455,0.22479027095335175,-0.8870703590568304,-0.13857066658419515,-0.9604351278969203,-0.06520589774410518,-0.8870703590568304,0.8870703590568304,-0.25830961760147425,-0.2557854193838703,-0.33817301875378103,0.5128205128205128,40,0.24358974358974358,0.2692307692307692,0.48717948717948717,0.025293156964326616,0.024606457004210484,2000,-0.9362179487179487,-0.10224358974359149,-0.4977190627119021,-0.051002267001452564,source-designated leader,0.3,0.8266364229403613,FALSE,Does not meet NI criterion,1,0.9999999999999991,FALSE,FALSE,,,,
Breakfast_Sausages,Breakfast Sausages,processed/sausage,Plant-based Leader,413,Plant-based Leader / 413,TRUE,Animal-based (Jimmy Dean),674,Animal-based (Jimmy Dean) / 674,Overall Liking,104,5.163461538461538,5.798076923076923,-0.6346153846153846,1.936154191824168,0.18985553856607504,-0.9497342420304146,-0.3194965272003546,-1.0111490669401353,-0.25808170229063376,-0.9497342420304146,0.9497342420304146,-0.3277710976198001,-0.3253786078561519,-0.4446846846846847,0.5384615384615384,56,0.25,0.28846153846153844,0.46153846153846156,0.0011576584381492133,7.36532207567976e-4,2000,-1.0192307692307692,-0.25,-0.5350234390940221,-0.13068583118098615,source-designated leader,0.3,0.9595221610213727,FALSE,Does not meet NI criterion,1,0.9999999999999991,FALSE,FALSE,,,,
Burgers,Burgers,comminuted/patty,Plant-based Leader,922,Plant-based Leader / 922,TRUE,Animal-based (Bubba),801,Animal-based (Bubba) / 801,Overall Liking,113,5.150442477876106,5.460176991150442,-0.30973451327433627,1.9643230659590882,0.18478797003949637,-0.6162187825111449,-0.003250244037527661,-0.6758681888388015,0.05639916229012898,-0.6162187825111449,0.6162187825111449,-0.15768002659130168,-0.15662177137927952,-0.2525154170723791,0.5663716814159292,64,0.25663716814159293,0.30973451327433627,0.4336283185840708,0.09649590875258297,0.0488367934936566,2000,-0.6548672566371682,0.07079646017699115,-0.3610647791450434,0.031820434316339415,source-designated leader,0.3,0.5209593878708941,FALSE,Does not meet NI criterion,1,0.9999999999999991,FALSE,FALSE,,,,
Chicken_Nuggets,Chicken Nuggets,breaded/coated,Plant-based Leader,206,Plant-based Leader / 206,TRUE,Animal-based (Tyson),801,Animal-based (Tyson) / 801,Overall Liking,97,4.948453608247423,5.092783505154639,-0.14432989690721648,2.015511156845255,0.2046441523886854,-0.484219571480592,0.19555977766615906,-0.550545328843568,0.26188553502913503,-0.484219571480592,0.484219571480592,-0.0716095747805864,-0.07104866427316665,-0.0863157894736842,0.6185567010309279,60,0.3917525773195876,0.2268041237113402,0.38144329896907214,0.4823484217742613,0.5112458457642666,2000,-0.5463917525773195,0.23711340206185566,-0.2735402487417945,0.12287287262078175,source-designated leader,0.3,0.22435426175673717,FALSE,Does not meet NI criterion,1,0.9999999999999991,FALSE,FALSE,,,,
Deli_Ham,Deli Ham,processed/deli,Plant-based Leader,923,Plant-based Leader / 923,TRUE,Animal-based (Oscar Mayer),674,Animal-based (Oscar Mayer) / 674,Overall Liking,105,5.066666666666666,5.876190476190477,-0.8095238095238095,1.911982650464605,0.1865904008064738,-1.119196224036544,-0.49985139501107495,-1.1795395764046863,-0.43950804264293275,-1.119196224036544,1.119196224036544,-0.4233949556640057,-0.42033426923751893,-0.5423423423423424,0.49523809523809526,52,0.2,0.29523809523809524,0.5047619047619047,3.331530483222316e-5,4.081637525884675e-5,2000,-1.1714285714285715,-0.4569047619047632,-0.6226323318806899,-0.234669044636883,source-designated leader,0.3,0.9962876300204155,FALSE,Does not meet NI criterion,1,0.9999999999999991,FALSE,FALSE,,,,
Deli_Turkey,Deli Turkey,processed/deli,Plant-based Leader,491,Plant-based Leader / 491,TRUE,Animal-based (Oscar Mayer),413,Animal-based (Oscar Mayer) / 413,Overall Liking,102,5.235294117647059,5.696078431372549,-0.46078431372549017,1.9784560868698342,0.19589634333014122,-0.7859880388563518,-0.13558058859462857,-0.849389963355127,-0.07217866409585338,-0.7859880388563518,0.7859880388563518,-0.23290095584305273,-0.23116720182933276,-0.2774691358024691,0.5196078431372549,53,0.30392156862745096,0.21568627450980393,0.4803921568627451,0.02060301628503768,0.028942056687811534,2000,-0.8431372549019608,-0.0784313725490196,-0.4345048473561803,-0.0435655139699058,source-designated leader,0.3,0.7931426336369902,FALSE,Does not meet NI criterion,1,0.9999999999999991,FALSE,FALSE,,,,
Hot_Dogs,Hot Dogs,processed/sausage,Plant-based Leader,164,Plant-based Leader / 164,TRUE,Animal-based (Ball Park),801,Animal-based (Ball Park) / 801,Overall Liking,88,5.125,5.5227272727272725,-0.3977272727272727,1.9150929434980837,0.204149593720683,-0.7371376801472471,-0.05831686530729824,-0.8034966958895463,0.008042150435000894,-0.7371376801472471,0.7371376801472471,-0.20768040218496617,-0.20588489438509613,-0.27905924920850295,0.5227272727272727,46,0.2727272727272727,0.25,0.4772727272727273,0.05461290013313355,0.04425297909001791,2000,-0.7840909090909091,0,-0.41565195842658853,0,source-designated leader,0.3,0.6833250165692926,FALSE,Does not meet NI criterion,1,0.9999999999999991,FALSE,FALSE,,,,
Meatballs,Meatballs,comminuted/meatball,Plant-based Leader,859,Plant-based Leader / 859,TRUE,Animal-based (Cooked Perfect),923,Animal-based (Cooked Perfect) / 923,Overall Liking,99,5.575757575757576,6.03030303030303,-0.45454545454545453,1.5796714155406075,0.15876295083023592,-0.71817946577155,-0.19091144331935905,-0.769605363449788,-0.13948554564112103,-0.71817946577155,0.71817946577155,-0.2877468377750549,-0.2855390615261414,-0.3943452380952381,0.5959595959595959,59,0.23232323232323232,0.36363636363636365,0.40404040404040403,0.005131755057092245,0.005336864820005245,2000,-0.7676767676767676,-0.1414141414141414,-0.4882245524942341,-0.09480966125168856,source-designated leader,0.3,0.8336331745513703,FALSE,Does not meet NI criterion,1,0.9999999999999991,FALSE,FALSE,,,,
Pulled_Pork,Pulled Pork,shredded/pulled,Plant-based Leader,651,Plant-based Leader / 651,TRUE,Animal-based (Kirkland),164,Animal-based (Kirkland) / 164,Overall Liking,101,5.435643564356436,6.03960396039604,-0.6039603960396039,1.8170261853963035,0.18080086300547127,-0.9041321949871404,-0.30378859709206757,-0.9626641587669373,-0.2452566333122705,-0.9041321949871404,0.9041321949871404,-0.33238948392363254,-0.32989031487157516,-0.5124324324324324,0.44554455445544555,45,0.1782178217821782,0.26732673267326734,0.5544554455445545,0.0011766654815320518,9.380834602022513e-5,2000,-0.9504950495049505,-0.25742574257425743,-0.595195171747217,-0.12894200587412902,source-designated leader,0.3,0.9520764670752906,FALSE,Does not meet NI criterion,1,0.9999999999999991,FALSE,FALSE,,,,
Steak,Steak,whole-cut-like,Plant-based Leader,923,Plant-based Leader / 923,TRUE,Animal Based,257,Animal Based / 257,Overall Liking,95,4.578947368421052,6.073684210526316,-1.4947368421052631,2.062190965683675,0.21157632886570296,-1.8462129099856865,-1.1432607742248397,-1.914826602812194,-1.0746470813983322,-1.8462129099856865,1.8462129099856865,-0.7248294978393116,-0.7190308618565971,-0.790498974709501,0.30526315789473685,29,0.10526315789473684,0.2,0.6947368421052632,2.7709670391535426e-10,1.5495998098335598e-9,2000,-1.9263157894736842,-1.105263157894737,-1.0061080964542881,-0.4961118156134514,source-designated leader,0.3,0.9999999135301627,FALSE,Does not meet NI criterion,1,0.9999999999999991,FALSE,FALSE,,,,
Unbreaded_Chicken_Filets,Unbreaded Chicken Filets,whole-muscle-like filet,Plant-based Leader,413,Plant-based Leader / 413,TRUE,Animal-based (Perdue),491,Animal-based (Perdue) / 491,Overall Liking,103,5.116504854368932,5.194174757281553,-0.07766990291262135,1.8132914520196795,0.1786689157520034,-0.3742477919434881,0.21890798611824538,-0.4320588501592906,0.2767190443340479,-0.3742477919434881,0.3742477919434881,-0.04283365634692156,-0.0425179291502612,-0.06414414414414414,0.6019417475728155,62,0.32038834951456313,0.2815533980582524,0.39805825242718446,0.6646882543730984,0.6271095224683501,2000,-0.42718446601941745,0.27208737864077537,-0.24224024095538446,0.14972645844275295,source-designated leader,0.3,0.10810775755513888,FALSE,Does not meet NI criterion,1,0.9999999999999991,FALSE,FALSE,,,,
Unbreaded_Chicken_StripsandChunks,Unbreaded Chicken Strips and Chunks,whole-muscle-like chunks,Plant-based Leader,702,Plant-based Leader / 702,TRUE,Animal-based (Tyson),674,Animal-based (Tyson) / 674,Overall Liking,98,4.551020408163265,5.6938775510204085,-1.1428571428571428,2.2105650721352514,0.22330079325156654,-1.5136960326620803,-0.7720182530522053,-1.586047404678842,-0.6996668810354436,-1.5136960326620803,1.5136960326620803,-0.5169977383896791,-0.5129900039835575,-0.604062604062604,0.3673469387755102,36,0.15306122448979592,0.21428571428571427,0.6326530612244898,1.5612575532828392e-6,3.241556505983981e-6,2000,-1.5816326530612246,-0.7040816326530612,-0.7415829522077224,-0.31427658555721144,source-designated leader,0.3,0.9998619261095089,FALSE,Does not meet NI criterion,1,0.9999999999999991,FALSE,FALSE,,,,
Bacon,Bacon,processed/strip,Plant-based Leader,334,Plant-based Leader / 334,TRUE,Animal-based (Oscar Mayer),674,Animal-based (Oscar Mayer) / 674,Overall Liking,92,4.1521739130434785,6.228260869565218,-2.0760869565217392,1.774258524295935,0.18497923828966853,-2.3834801189967942,-1.7686937940466843,-2.4435254895020946,-1.7086484235413841,-2.3834801189967942,2.3834801189967942,-1.1701152498875982,-1.160444875921585,-0.9354938271604938,0.18478260869565216,17,0.05434782608695652,0.13043478260869565,0.8152173913043478,7.358079098607123e-19,2.485356349642302e-13,2000,-2.4347826086956523,-1.7173913043478262,-1.4283474639609295,-0.951092475471241,source-designated leader,0.5,0.9999999999998412,FALSE,Does not meet NI criterion,1,0.9999999999998412,FALSE,FALSE,1,FALSE,1,FALSE
Bratwurst,Bratwurst,processed/sausage,Plant-based Leader,702,Plant-based Leader / 702,TRUE,Animal-based (Johnsonville),491,Animal-based (Johnsonville) / 491,Overall Liking,106,5.028301886792453,5.89622641509434,-0.8679245283018868,1.8977453875993315,0.1843253265328937,-1.1738115567281733,-0.5620374998756004,-1.233407601098568,-0.5024414555052056,-1.1738115567281733,1.1738115567281733,-0.4573450864237487,-0.45407053926558344,-0.5709185329438494,0.4056603773584906,43,0.14150943396226415,0.2641509433962264,0.5943396226415094,7.657939352575457e-6,8.965332001686828e-6,2000,-1.2358490566037736,-0.5094339622641509,-0.6881830633754494,-0.2569041750613496,source-designated leader,0.5,0.9757417833450268,FALSE,Does not meet NI criterion,1,0.9999999999998412,FALSE,FALSE,1,FALSE,1,FALSE
Breaded_Chicken_Filets,Breaded Chicken Filets,breaded/coated,Plant-based Leader,491,Plant-based Leader / 491,TRUE,Animal-based (Tyson),396,Animal-based (Tyson) / 396,Overall Liking,78,4.871794871794871,5.384615384615385,-0.5128205128205128,1.9852939181370455,0.22479027095335175,-0.8870703590568304,-0.13857066658419515,-0.9604351278969203,-0.06520589774410518,-0.8870703590568304,0.8870703590568304,-0.25830961760147425,-0.2557854193838703,-0.33817301875378103,0.5128205128205128,40,0.24358974358974358,0.2692307692307692,0.48717948717948717,0.025293156964326616,0.024606457004210484,2000,-0.9362179487179487,-0.10224358974359149,-0.4977190627119021,-0.051002267001452564,source-designated leader,0.5,0.522666762699183,FALSE,Does not meet NI criterion,1,0.9999999999998412,FALSE,FALSE,1,FALSE,1,FALSE
Breakfast_Sausages,Breakfast Sausages,processed/sausage,Plant-based Leader,413,Plant-based Leader / 413,TRUE,Animal-based (Jimmy Dean),674,Animal-based (Jimmy Dean) / 674,Overall Liking,104,5.163461538461538,5.798076923076923,-0.6346153846153846,1.936154191824168,0.18985553856607504,-0.9497342420304146,-0.3194965272003546,-1.0111490669401353,-0.25808170229063376,-0.9497342420304146,0.9497342420304146,-0.3277710976198001,-0.3253786078561519,-0.4446846846846847,0.5384615384615384,56,0.25,0.28846153846153844,0.46153846153846156,0.0011576584381492133,7.36532207567976e-4,2000,-1.0192307692307692,-0.25,-0.5350234390940221,-0.13068583118098615,source-designated leader,0.5,0.7600496038907283,FALSE,Does not meet NI criterion,1,0.9999999999998412,FALSE,FALSE,1,FALSE,1,FALSE
Burgers,Burgers,comminuted/patty,Plant-based Leader,922,Plant-based Leader / 922,TRUE,Animal-based (Bubba),801,Animal-based (Bubba) / 801,Overall Liking,113,5.150442477876106,5.460176991150442,-0.30973451327433627,1.9643230659590882,0.18478797003949637,-0.6162187825111449,-0.003250244037527661,-0.6758681888388015,0.05639916229012898,-0.6162187825111449,0.6162187825111449,-0.15768002659130168,-0.15662177137927952,-0.2525154170723791,0.5663716814159292,64,0.25663716814159293,0.30973451327433627,0.4336283185840708,0.09649590875258297,0.0488367934936566,2000,-0.6548672566371682,0.07079646017699115,-0.3610647791450434,0.031820434316339415,source-designated leader,0.5,0.15269822741603356,FALSE,Does not meet NI criterion,1,0.71259172794149,FALSE,FALSE,1,FALSE,1,FALSE
Chicken_Nuggets,Chicken Nuggets,breaded/coated,Plant-based Leader,206,Plant-based Leader / 206,TRUE,Animal-based (Tyson),801,Animal-based (Tyson) / 801,Overall Liking,97,4.948453608247423,5.092783505154639,-0.14432989690721648,2.015511156845255,0.2046441523886854,-0.484219571480592,0.19555977766615906,-0.550545328843568,0.26188553502913503,-0.484219571480592,0.484219571480592,-0.0716095747805864,-0.07104866427316665,-0.0863157894736842,0.6185567010309279,60,0.3917525773195876,0.2268041237113402,0.38144329896907214,0.4823484217742613,0.5112458457642666,2000,-0.5463917525773195,0.23711340206185566,-0.2735402487417945,0.12287287262078175,source-designated leader,0.5,0.042709285062082526,TRUE,Meets NI criterion,0.5552207058070728,0.29896499543457766,FALSE,FALSE,0.5552207058070728,FALSE,1,FALSE
Deli_Ham,Deli Ham,processed/deli,Plant-based Leader,923,Plant-based Leader / 923,TRUE,Animal-based (Oscar Mayer),674,Animal-based (Oscar Mayer) / 674,Overall Liking,105,5.066666666666666,5.876190476190477,-0.8095238095238095,1.911982650464605,0.1865904008064738,-1.119196224036544,-0.49985139501107495,-1.1795395764046863,-0.43950804264293275,-1.119196224036544,1.119196224036544,-0.4233949556640057,-0.42033426923751893,-0.5423423423423424,0.49523809523809526,52,0.2,0.29523809523809524,0.5047619047619047,3.331530483222316e-5,4.081637525884675e-5,2000,-1.1714285714285715,-0.4569047619047632,-0.6226323318806899,-0.234669044636883,source-designated leader,0.5,0.949919593731946,FALSE,Does not meet NI criterion,1,0.9999999999998412,FALSE,FALSE,1,FALSE,1,FALSE
Deli_Turkey,Deli Turkey,processed/deli,Plant-based Leader,491,Plant-based Leader / 491,TRUE,Animal-based (Oscar Mayer),413,Animal-based (Oscar Mayer) / 413,Overall Liking,102,5.235294117647059,5.696078431372549,-0.46078431372549017,1.9784560868698342,0.19589634333014122,-0.7859880388563518,-0.13558058859462857,-0.849389963355127,-0.07217866409585338,-0.7859880388563518,0.7859880388563518,-0.23290095584305273,-0.23116720182933276,-0.2774691358024691,0.5196078431372549,53,0.30392156862745096,0.21568627450980393,0.4803921568627451,0.02060301628503768,0.028942056687811534,2000,-0.8431372549019608,-0.0784313725490196,-0.4345048473561803,-0.0435655139699058,source-designated leader,0.5,0.4208688594091367,FALSE,Does not meet NI criterion,1,0.9820273386213191,FALSE,FALSE,1,FALSE,1,FALSE
Hot_Dogs,Hot Dogs,processed/sausage,Plant-based Leader,164,Plant-based Leader / 164,TRUE,Animal-based (Ball Park),801,Animal-based (Ball Park) / 801,Overall Liking,88,5.125,5.5227272727272725,-0.3977272727272727,1.9150929434980837,0.204149593720683,-0.7371376801472471,-0.05831686530729824,-0.8034966958895463,0.008042150435000894,-0.7371376801472471,0.7371376801472471,-0.20768040218496617,-0.20588489438509613,-0.27905924920850295,0.5227272727272727,46,0.2727272727272727,0.25,0.4772727272727273,0.05461290013313355,0.04425297909001791,2000,-0.7840909090909091,0,-0.41565195842658853,0,source-designated leader,0.5,0.3088288547315291,FALSE,Does not meet NI criterion,1,0.9820273386213191,FALSE,FALSE,1,FALSE,1,FALSE
Meatballs,Meatballs,comminuted/meatball,Plant-based Leader,859,Plant-based Leader / 859,TRUE,Animal-based (Cooked Perfect),923,Animal-based (Cooked Perfect) / 923,Overall Liking,99,5.575757575757576,6.03030303030303,-0.45454545454545453,1.5796714155406075,0.15876295083023592,-0.71817946577155,-0.19091144331935905,-0.769605363449788,-0.13948554564112103,-0.71817946577155,0.71817946577155,-0.2877468377750549,-0.2855390615261414,-0.3943452380952381,0.5959595959595959,59,0.23232323232323232,0.36363636363636365,0.40404040404040403,0.005131755057092245,0.005336864820005245,2000,-0.7676767676767676,-0.1414141414141414,-0.4882245524942341,-0.09480966125168856,source-designated leader,0.5,0.3876246440631862,FALSE,Does not meet NI criterion,1,0.9820273386213191,FALSE,FALSE,1,FALSE,1,FALSE
Pulled_Pork,Pulled Pork,shredded/pulled,Plant-based Leader,651,Plant-based Leader / 651,TRUE,Animal-based (Kirkland),164,Animal-based (Kirkland) / 164,Overall Liking,101,5.435643564356436,6.03960396039604,-0.6039603960396039,1.8170261853963035,0.18080086300547127,-0.9041321949871404,-0.30378859709206757,-0.9626641587669373,-0.2452566333122705,-0.9041321949871404,0.9041321949871404,-0.33238948392363254,-0.32989031487157516,-0.5124324324324324,0.44554455445544555,45,0.1782178217821782,0.26732673267326734,0.5544554455445545,0.0011766654815320518,9.380834602022513e-5,2000,-0.9504950495049505,-0.25742574257425743,-0.595195171747217,-0.12894200587412902,source-designated leader,0.5,0.7167084340394507,FALSE,Does not meet NI criterion,1,0.9999999999998412,FALSE,FALSE,1,FALSE,1,FALSE
Steak,Steak,whole-cut-like,Plant-based Leader,923,Plant-based Leader / 923,TRUE,Animal Based,257,Animal Based / 257,Overall Liking,95,4.578947368421052,6.073684210526316,-1.4947368421052631,2.062190965683675,0.21157632886570296,-1.8462129099856865,-1.1432607742248397,-1.914826602812194,-1.0746470813983322,-1.8462129099856865,1.8462129099856865,-0.7248294978393116,-0.7190308618565971,-0.790498974709501,0.30526315789473685,29,0.10526315789473684,0.2,0.6947368421052632,2.7709670391535426e-10,1.5495998098335598e-9,2000,-1.9263157894736842,-1.105263157894737,-1.0061080964542881,-0.4961118156134514,source-designated leader,0.5,0.9999955846448821,FALSE,Does not meet NI criterion,1,0.9999999999998412,FALSE,FALSE,1,FALSE,1,FALSE
Unbreaded_Chicken_Filets,Unbreaded Chicken Filets,whole-muscle-like filet,Plant-based Leader,413,Plant-based Leader / 413,TRUE,Animal-based (Perdue),491,Animal-based (Perdue) / 491,Overall Liking,103,5.116504854368932,5.194174757281553,-0.07766990291262135,1.8132914520196795,0.1786689157520034,-0.3742477919434881,0.21890798611824538,-0.4320588501592906,0.2767190443340479,-0.3742477919434881,0.3742477919434881,-0.04283365634692156,-0.0425179291502612,-0.06414414414414414,0.6019417475728155,62,0.32038834951456313,0.2815533980582524,0.39805825242718446,0.6646882543730984,0.6271095224683501,2000,-0.42718446601941745,0.27208737864077537,-0.24224024095538446,0.14972645844275295,source-designated leader,0.5,0.00999247816546396,TRUE,Meets NI criterion,0.13989469431649543,0.13989469431649543,FALSE,FALSE,0.13989469431649543,FALSE,0.6495110807551574,FALSE
Unbreaded_Chicken_StripsandChunks,Unbreaded Chicken Strips and Chunks,whole-muscle-like chunks,Plant-based Leader,702,Plant-based Leader / 702,TRUE,Animal-based (Tyson),674,Animal-based (Tyson) / 674,Overall Liking,98,4.551020408163265,5.6938775510204085,-1.1428571428571428,2.2105650721352514,0.22330079325156654,-1.5136960326620803,-0.7720182530522053,-1.586047404678842,-0.6996668810354436,-1.5136960326620803,1.5136960326620803,-0.5169977383896791,-0.5129900039835575,-0.604062604062604,0.3673469387755102,36,0.15306122448979592,0.21428571428571427,0.6326530612244898,1.5612575532828392e-6,3.241556505983981e-6,2000,-1.5816326530612246,-0.7040816326530612,-0.7415829522077224,-0.31427658555721144,source-designated leader,0.5,0.9975449429542865,FALSE,Does not meet NI criterion,1,0.9999999999998412,FALSE,FALSE,1,FALSE,1,FALSE
Bacon,Bacon,processed/strip,Plant-based Leader,334,Plant-based Leader / 334,TRUE,Animal-based (Oscar Mayer),674,Animal-based (Oscar Mayer) / 674,Overall Liking,92,4.1521739130434785,6.228260869565218,-2.0760869565217392,1.774258524295935,0.18497923828966853,-2.3834801189967942,-1.7686937940466843,-2.4435254895020946,-1.7086484235413841,-2.3834801189967942,2.3834801189967942,-1.1701152498875982,-1.160444875921585,-0.9354938271604938,0.18478260869565216,17,0.05434782608695652,0.13043478260869565,0.8152173913043478,7.358079098607123e-19,2.485356349642302e-13,2000,-2.4347826086956523,-1.7173913043478262,-1.4283474639609295,-0.951092475471241,source-designated leader,0.7,0.9999999999726955,FALSE,Does not meet NI criterion,1,0.9999999999726955,FALSE,FALSE,,,,
Bratwurst,Bratwurst,processed/sausage,Plant-based Leader,702,Plant-based Leader / 702,TRUE,Animal-based (Johnsonville),491,Animal-based (Johnsonville) / 491,Overall Liking,106,5.028301886792453,5.89622641509434,-0.8679245283018868,1.8977453875993315,0.1843253265328937,-1.1738115567281733,-0.5620374998756004,-1.233407601098568,-0.5024414555052056,-1.1738115567281733,1.1738115567281733,-0.4573450864237487,-0.45407053926558344,-0.5709185329438494,0.4056603773584906,43,0.14150943396226415,0.2641509433962264,0.5943396226415094,7.657939352575457e-6,8.965332001686828e-6,2000,-1.2358490566037736,-0.5094339622641509,-0.6881830633754494,-0.2569041750613496,source-designated leader,0.7,0.8178148819105442,FALSE,Does not meet NI criterion,1,0.9999999999726955,FALSE,FALSE,,,,
Breaded_Chicken_Filets,Breaded Chicken Filets,breaded/coated,Plant-based Leader,491,Plant-based Leader / 491,TRUE,Animal-based (Tyson),396,Animal-based (Tyson) / 396,Overall Liking,78,4.871794871794871,5.384615384615385,-0.5128205128205128,1.9852939181370455,0.22479027095335175,-0.8870703590568304,-0.13857066658419515,-0.9604351278969203,-0.06520589774410518,-0.8870703590568304,0.8870703590568304,-0.25830961760147425,-0.2557854193838703,-0.33817301875378103,0.5128205128205128,40,0.24358974358974358,0.2692307692307692,0.48717948717948717,0.025293156964326616,0.024606457004210484,2000,-0.9362179487179487,-0.10224358974359149,-0.4977190627119021,-0.051002267001452564,source-designated leader,0.7,0.20379884584799285,FALSE,Does not meet NI criterion,1,0.4075976916959857,FALSE,FALSE,,,,
Breakfast_Sausages,Breakfast Sausages,processed/sausage,Plant-based Leader,413,Plant-based Leader / 413,TRUE,Animal-based (Jimmy Dean),674,Animal-based (Jimmy Dean) / 674,Overall Liking,104,5.163461538461538,5.798076923076923,-0.6346153846153846,1.936154191824168,0.18985553856607504,-0.9497342420304146,-0.3194965272003546,-1.0111490669401353,-0.25808170229063376,-0.9497342420304146,0.9497342420304146,-0.3277710976198001,-0.3253786078561519,-0.4446846846846847,0.5384615384615384,56,0.25,0.28846153846153844,0.46153846153846156,0.0011576584381492133,7.36532207567976e-4,2000,-1.0192307692307692,-0.25,-0.5350234390940221,-0.13068583118098615,source-designated leader,0.7,0.36562705321463873,FALSE,Does not meet NI criterion,1,0.568753193889438,FALSE,FALSE,,,,
Burgers,Burgers,comminuted/patty,Plant-based Leader,922,Plant-based Leader / 922,TRUE,Animal-based (Bubba),801,Animal-based (Bubba) / 801,Overall Liking,113,5.150442477876106,5.460176991150442,-0.30973451327433627,1.9643230659590882,0.18478797003949637,-0.6162187825111449,-0.003250244037527661,-0.6758681888388015,0.05639916229012898,-0.6162187825111449,0.6162187825111449,-0.15768002659130168,-0.15662177137927952,-0.2525154170723791,0.5663716814159292,64,0.25663716814159293,0.30973451327433627,0.4336283185840708,0.09649590875258297,0.0488367934936566,2000,-0.6548672566371682,0.07079646017699115,-0.3610647791450434,0.031820434316339415,source-designated leader,0.7,0.018456249514701012,TRUE,Meets NI criterion,0.22147499417641214,0.08612916440193806,FALSE,FALSE,,,,
Chicken_Nuggets,Chicken Nuggets,breaded/coated,Plant-based Leader,206,Plant-based Leader / 206,TRUE,Animal-based (Tyson),801,Animal-based (Tyson) / 801,Overall Liking,97,4.948453608247423,5.092783505154639,-0.14432989690721648,2.015511156845255,0.2046441523886854,-0.484219571480592,0.19555977766615906,-0.550545328843568,0.26188553502913503,-0.484219571480592,0.484219571480592,-0.0716095747805864,-0.07104866427316665,-0.0863157894736842,0.6185567010309279,60,0.3917525773195876,0.2268041237113402,0.38144329896907214,0.4823484217742613,0.5112458457642666,2000,-0.5463917525773195,0.23711340206185566,-0.2735402487417945,0.12287287262078175,source-designated leader,0.7,0.0039263406316357875,TRUE,Meets NI criterion,0.051042428211265235,0.027484384421450514,FALSE,TRUE,,,,
Deli_Ham,Deli Ham,processed/deli,Plant-based Leader,923,Plant-based Leader / 923,TRUE,Animal-based (Oscar Mayer),674,Animal-based (Oscar Mayer) / 674,Overall Liking,105,5.066666666666666,5.876190476190477,-0.8095238095238095,1.911982650464605,0.1865904008064738,-1.119196224036544,-0.49985139501107495,-1.1795395764046863,-0.43950804264293275,-1.119196224036544,1.119196224036544,-0.4233949556640057,-0.42033426923751893,-0.5423423423423424,0.49523809523809526,52,0.2,0.29523809523809524,0.5047619047619047,3.331530483222316e-5,4.081637525884675e-5,2000,-1.1714285714285715,-0.4569047619047632,-0.6226323318806899,-0.234669044636883,source-designated leader,0.7,0.72075354584652,FALSE,Does not meet NI criterion,1,0.9999999999726955,FALSE,FALSE,,,,
Deli_Turkey,Deli Turkey,processed/deli,Plant-based Leader,491,Plant-based Leader / 491,TRUE,Animal-based (Oscar Mayer),413,Animal-based (Oscar Mayer) / 413,Overall Liking,102,5.235294117647059,5.696078431372549,-0.46078431372549017,1.9784560868698342,0.19589634333014122,-0.7859880388563518,-0.13558058859462857,-0.849389963355127,-0.07217866409585338,-0.7859880388563518,0.7859880388563518,-0.23290095584305273,-0.23116720182933276,-0.2774691358024691,0.5196078431372549,53,0.30392156862745096,0.21568627450980393,0.4803921568627451,0.02060301628503768,0.028942056687811534,2000,-0.8431372549019608,-0.0784313725490196,-0.4345048473561803,-0.0435655139699058,source-designated leader,0.7,0.11243909871277118,FALSE,Does not meet NI criterion,1,0.2623578969964661,FALSE,FALSE,,,,
Hot_Dogs,Hot Dogs,processed/sausage,Plant-based Leader,164,Plant-based Leader / 164,TRUE,Animal-based (Ball Park),801,Animal-based (Ball Park) / 801,Overall Liking,88,5.125,5.5227272727272725,-0.3977272727272727,1.9150929434980837,0.204149593720683,-0.7371376801472471,-0.05831686530729824,-0.8034966958895463,0.008042150435000894,-0.7371376801472471,0.7371376801472471,-0.20768040218496617,-0.20588489438509613,-0.27905924920850295,0.5227272727272727,46,0.2727272727272727,0.25,0.4772727272727273,0.05461290013313355,0.04425297909001791,2000,-0.7840909090909091,0,-0.41565195842658853,0,source-designated leader,0.7,0.07115708599871991,FALSE,Does not meet NI criterion,0.711570859987199,0.19923984079641574,FALSE,FALSE,,,,
Meatballs,Meatballs,comminuted/meatball,Plant-based Leader,859,Plant-based Leader / 859,TRUE,Animal-based (Cooked Perfect),923,Animal-based (Cooked Perfect) / 923,Overall Liking,99,5.575757575757576,6.03030303030303,-0.45454545454545453,1.5796714155406075,0.15876295083023592,-0.71817946577155,-0.19091144331935905,-0.769605363449788,-0.13948554564112103,-0.71817946577155,0.71817946577155,-0.2877468377750549,-0.2855390615261414,-0.3943452380952381,0.5959595959595959,59,0.23232323232323232,0.36363636363636365,0.40404040404040403,0.005131755057092245,0.005336864820005245,2000,-0.7676767676767676,-0.1414141414141414,-0.4882245524942341,-0.09480966125168856,source-designated leader,0.7,0.06265858454136783,FALSE,Does not meet NI criterion,0.6892444299550461,0.19923984079641574,FALSE,FALSE,,,,
Pulled_Pork,Pulled Pork,shredded/pulled,Plant-based Leader,651,Plant-based Leader / 651,TRUE,Animal-based (Kirkland),164,Animal-based (Kirkland) / 164,Overall Liking,101,5.435643564356436,6.03960396039604,-0.6039603960396039,1.8170261853963035,0.18080086300547127,-0.9041321949871404,-0.30378859709206757,-0.9626641587669373,-0.2452566333122705,-0.9041321949871404,0.9041321949871404,-0.33238948392363254,-0.32989031487157516,-0.5124324324324324,0.44554455445544555,45,0.1782178217821782,0.26732673267326734,0.5544554455445545,0.0011766654815320518,9.380834602022513e-5,2000,-0.9504950495049505,-0.25742574257425743,-0.595195171747217,-0.12894200587412902,source-designated leader,0.7,0.29823251829009967,FALSE,Does not meet NI criterion,1,0.5219069070076744,FALSE,FALSE,,,,
Steak,Steak,whole-cut-like,Plant-based Leader,923,Plant-based Leader / 923,TRUE,Animal Based,257,Animal Based / 257,Overall Liking,95,4.578947368421052,6.073684210526316,-1.4947368421052631,2.062190965683675,0.21157632886570296,-1.8462129099856865,-1.1432607742248397,-1.914826602812194,-1.0746470813983322,-1.8462129099856865,1.8462129099856865,-0.7248294978393116,-0.7190308618565971,-0.790498974709501,0.30526315789473685,29,0.10526315789473684,0.2,0.6947368421052632,2.7709670391535426e-10,1.5495998098335598e-9,2000,-1.9263157894736842,-1.105263157894737,-1.0061080964542881,-0.4961118156134514,source-designated leader,0.7,0.9998505269147112,FALSE,Does not meet NI criterion,1,0.9999999999726955,FALSE,FALSE,,,,
Unbreaded_Chicken_Filets,Unbreaded Chicken Filets,whole-muscle-like filet,Plant-based Leader,413,Plant-based Leader / 413,TRUE,Animal-based (Perdue),491,Animal-based (Perdue) / 491,Overall Liking,103,5.116504854368932,5.194174757281553,-0.07766990291262135,1.8132914520196795,0.1786689157520034,-0.3742477919434881,0.21890798611824538,-0.4320588501592906,0.2767190443340479,-0.3742477919434881,0.3742477919434881,-0.04283365634692156,-0.0425179291502612,-0.06414414414414414,0.6019417475728155,62,0.32038834951456313,0.2815533980582524,0.39805825242718446,0.6646882543730984,0.6271095224683501,2000,-0.42718446601941745,0.27208737864077537,-0.24224024095538446,0.14972645844275295,source-designated leader,0.7,3.6568131029125983e-4,TRUE,Meets NI criterion,0.005119538344077638,0.005119538344077638,TRUE,TRUE,,,,
Unbreaded_Chicken_StripsandChunks,Unbreaded Chicken Strips and Chunks,whole-muscle-like chunks,Plant-based Leader,702,Plant-based Leader / 702,TRUE,Animal-based (Tyson),674,Animal-based (Tyson) / 674,Overall Liking,98,4.551020408163265,5.6938775510204085,-1.1428571428571428,2.2105650721352514,0.22330079325156654,-1.5136960326620803,-0.7720182530522053,-1.586047404678842,-0.6996668810354436,-1.5136960326620803,1.5136960326620803,-0.5169977383896791,-0.5129900039835575,-0.604062604062604,0.3673469387755102,36,0.15306122448979592,0.21428571428571427,0.6326530612244898,1.5612575532828392e-6,3.241556505983981e-6,2000,-1.5816326530612246,-0.7040816326530612,-0.7415829522077224,-0.31427658555721144,source-designated leader,0.7,0.974915467917358,FALSE,Does not meet NI criterion,1,0.9999999999726955,FALSE,FALSE,,,,
Bacon,Bacon,processed/strip,Plant-based Leader,334,Plant-based Leader / 334,TRUE,Animal-based (Oscar Mayer),674,Animal-based (Oscar Mayer) / 674,Overall Liking,92,4.1521739130434785,6.228260869565218,-2.0760869565217392,1.774258524295935,0.18497923828966853,-2.3834801189967942,-1.7686937940466843,-2.4435254895020946,-1.7086484235413841,-2.3834801189967942,2.3834801189967942,-1.1701152498875982,-1.160444875921585,-0.9354938271604938,0.18478260869565216,17,0.05434782608695652,0.13043478260869565,0.8152173913043478,7.358079098607123e-19,2.485356349642302e-13,2000,-2.4347826086956523,-1.7173913043478262,-1.4283474639609295,-0.951092475471241,source-designated leader,1,0.9999999559508574,FALSE,Does not meet NI criterion,1,0.9999999559508574,FALSE,FALSE,,,,
Bratwurst,Bratwurst,processed/sausage,Plant-based Leader,702,Plant-based Leader / 702,TRUE,Animal-based (Johnsonville),491,Animal-based (Johnsonville) / 491,Overall Liking,106,5.028301886792453,5.89622641509434,-0.8679245283018868,1.8977453875993315,0.1843253265328937,-1.1738115567281733,-0.5620374998756004,-1.233407601098568,-0.5024414555052056,-1.1738115567281733,1.1738115567281733,-0.4573450864237487,-0.45407053926558344,-0.5709185329438494,0.4056603773584906,43,0.14150943396226415,0.2641509433962264,0.5943396226415094,7.657939352575457e-6,8.965332001686828e-6,2000,-1.2358490566037736,-0.5094339622641509,-0.6881830633754494,-0.2569041750613496,source-designated leader,1,0.23762602632972785,FALSE,Does not meet NI criterion,0.9505041053189114,0.30243312441965364,FALSE,FALSE,,,,
Breaded_Chicken_Filets,Breaded Chicken Filets,breaded/coated,Plant-based Leader,491,Plant-based Leader / 491,TRUE,Animal-based (Tyson),396,Animal-based (Tyson) / 396,Overall Liking,78,4.871794871794871,5.384615384615385,-0.5128205128205128,1.9852939181370455,0.22479027095335175,-0.8870703590568304,-0.13857066658419515,-0.9604351278969203,-0.06520589774410518,-0.8870703590568304,0.8870703590568304,-0.25830961760147425,-0.2557854193838703,-0.33817301875378103,0.5128205128205128,40,0.24358974358974358,0.2692307692307692,0.48717948717948717,0.025293156964326616,0.024606457004210484,2000,-0.9362179487179487,-0.10224358974359149,-0.4977190627119021,-0.051002267001452564,source-designated leader,1,0.016653057622306493,TRUE,Meets NI criterion,0.12325306707420232,0.029142850839036363,FALSE,TRUE,,,,
Breakfast_Sausages,Breakfast Sausages,processed/sausage,Plant-based Leader,413,Plant-based Leader / 413,TRUE,Animal-based (Jimmy Dean),674,Animal-based (Jimmy Dean) / 674,Overall Liking,104,5.163461538461538,5.798076923076923,-0.6346153846153846,1.936154191824168,0.18985553856607504,-0.9497342420304146,-0.3194965272003546,-1.0111490669401353,-0.25808170229063376,-0.9497342420304146,0.9497342420304146,-0.3277710976198001,-0.3253786078561519,-0.4446846846846847,0.5384615384615384,56,0.25,0.28846153846153844,0.46153846153846156,0.0011576584381492133,7.36532207567976e-4,2000,-1.0192307692307692,-0.25,-0.5350234390940221,-0.13068583118098615,source-designated leader,1,0.02852307255652495,TRUE,Meets NI criterion,0.1711384353391497,0.04436922397681659,FALSE,TRUE,,,,
Burgers,Burgers,comminuted/patty,Plant-based Leader,922,Plant-based Leader / 922,TRUE,Animal-based (Bubba),801,Animal-based (Bubba) / 801,Overall Liking,113,5.150442477876106,5.460176991150442,-0.30973451327433627,1.9643230659590882,0.18478797003949637,-0.6162187825111449,-0.003250244037527661,-0.6758681888388015,0.05639916229012898,-0.6162187825111449,0.6162187825111449,-0.15768002659130168,-0.15662177137927952,-0.2525154170723791,0.5663716814159292,64,0.25663716814159293,0.30973451327433627,0.4336283185840708,0.09649590875258297,0.0488367934936566,2000,-0.6548672566371682,0.07079646017699115,-0.3610647791450434,0.031820434316339415,source-designated leader,1,1.4824745333521724e-4,TRUE,Meets NI criterion,0.001778969440022607,6.918214488976805e-4,TRUE,TRUE,,,,
Chicken_Nuggets,Chicken Nuggets,breaded/coated,Plant-based Leader,206,Plant-based Leader / 206,TRUE,Animal-based (Tyson),801,Animal-based (Tyson) / 801,Overall Liking,97,4.948453608247423,5.092783505154639,-0.14432989690721648,2.015511156845255,0.2046441523886854,-0.484219571480592,0.19555977766615906,-0.550545328843568,0.26188553502913503,-0.484219571480592,0.484219571480592,-0.0716095747805864,-0.07104866427316665,-0.0863157894736842,0.6185567010309279,60,0.3917525773195876,0.2268041237113402,0.38144329896907214,0.4823484217742613,0.5112458457642666,2000,-0.5463917525773195,0.23711340206185566,-0.2735402487417945,0.12287287262078175,source-designated leader,1,3.202564050219357e-5,TRUE,Meets NI criterion,4.163333265285164e-4,2.24179483515355e-4,TRUE,TRUE,,,,
Deli_Ham,Deli Ham,processed/deli,Plant-based Leader,923,Plant-based Leader / 923,TRUE,Animal-based (Oscar Mayer),674,Animal-based (Oscar Mayer) / 674,Overall Liking,105,5.066666666666666,5.876190476190477,-0.8095238095238095,1.911982650464605,0.1865904008064738,-1.119196224036544,-0.49985139501107495,-1.1795395764046863,-0.43950804264293275,-1.119196224036544,1.119196224036544,-0.4233949556640057,-0.42033426923751893,-0.5423423423423424,0.49523809523809526,52,0.2,0.29523809523809524,0.5047619047619047,3.331530483222316e-5,4.081637525884675e-5,2000,-1.1714285714285715,-0.4569047619047632,-0.6226323318806899,-0.234669044636883,source-designated leader,1,0.15485301361602918,FALSE,Does not meet NI criterion,0.774265068080146,0.21679421906244084,FALSE,FALSE,,,,
Deli_Turkey,Deli Turkey,processed/deli,Plant-based Leader,491,Plant-based Leader / 491,TRUE,Animal-based (Oscar Mayer),413,Animal-based (Oscar Mayer) / 413,Overall Liking,102,5.235294117647059,5.696078431372549,-0.46078431372549017,1.9784560868698342,0.19589634333014122,-0.7859880388563518,-0.13558058859462857,-0.849389963355127,-0.07217866409585338,-0.7859880388563518,0.7859880388563518,-0.23290095584305273,-0.23116720182933276,-0.2774691358024691,0.5196078431372549,53,0.30392156862745096,0.21568627450980393,0.4803921568627451,0.02060301628503768,0.028942056687811534,2000,-0.8431372549019608,-0.0784313725490196,-0.4345048473561803,-0.0435655139699058,source-designated leader,1,0.0035058225462880834,TRUE,Meets NI criterion,0.03155240291659275,0.008180252608005529,TRUE,TRUE,,,,
Hot_Dogs,Hot Dogs,processed/sausage,Plant-based Leader,164,Plant-based Leader / 164,TRUE,Animal-based (Ball Park),801,Animal-based (Ball Park) / 801,Overall Liking,88,5.125,5.5227272727272725,-0.3977272727272727,1.9150929434980837,0.204149593720683,-0.7371376801472471,-0.05831686530729824,-0.8034966958895463,0.008042150435000894,-0.7371376801472471,0.7371376801472471,-0.20768040218496617,-0.20588489438509613,-0.27905924920850295,0.5227272727272727,46,0.2727272727272727,0.25,0.4772727272727273,0.05461290013313355,0.04425297909001791,2000,-0.7840909090909091,0,-0.41565195842658853,0,source-designated leader,1,0.002039927706774116,TRUE,Meets NI criterion,0.02039927706774116,0.005711797578967525,TRUE,TRUE,,,,
Meatballs,Meatballs,comminuted/meatball,Plant-based Leader,859,Plant-based Leader / 859,TRUE,Animal-based (Cooked Perfect),923,Animal-based (Cooked Perfect) / 923,Overall Liking,99,5.575757575757576,6.03030303030303,-0.45454545454545453,1.5796714155406075,0.15876295083023592,-0.71817946577155,-0.19091144331935905,-0.769605363449788,-0.13948554564112103,-0.71817946577155,0.71817946577155,-0.2877468377750549,-0.2855390615261414,-0.3943452380952381,0.5959595959595959,59,0.23232323232323232,0.36363636363636365,0.40404040404040403,0.005131755057092245,0.005336864820005245,2000,-0.7676767676767676,-0.1414141414141414,-0.4882245524942341,-0.09480966125168856,source-designated leader,1,4.3419293018111813e-4,TRUE,Meets NI criterion,0.004776122231992299,0.0015196752556339134,TRUE,TRUE,,,,
Pulled_Pork,Pulled Pork,shredded/pulled,Plant-based Leader,651,Plant-based Leader / 651,TRUE,Animal-based (Kirkland),164,Animal-based (Kirkland) / 164,Overall Liking,101,5.435643564356436,6.03960396039604,-0.6039603960396039,1.8170261853963035,0.18080086300547127,-0.9041321949871404,-0.30378859709206757,-0.9626641587669373,-0.2452566333122705,-0.9041321949871404,0.9041321949871404,-0.33238948392363254,-0.32989031487157516,-0.5124324324324324,0.44554455445544555,45,0.1782178217821782,0.26732673267326734,0.5544554455445545,0.0011766654815320518,9.380834602022513e-5,2000,-0.9504950495049505,-0.25742574257425743,-0.595195171747217,-0.12894200587412902,source-designated leader,1,0.01540663338427529,TRUE,Meets NI criterion,0.12325306707420232,0.029142850839036363,FALSE,TRUE,,,,
Steak,Steak,whole-cut-like,Plant-based Leader,923,Plant-based Leader / 923,TRUE,Animal Based,257,Animal Based / 257,Overall Liking,95,4.578947368421052,6.073684210526316,-1.4947368421052631,2.062190965683675,0.21157632886570296,-1.8462129099856865,-1.1432607742248397,-1.914826602812194,-1.0746470813983322,-1.8462129099856865,1.8462129099856865,-0.7248294978393116,-0.7190308618565971,-0.790498974709501,0.30526315789473685,29,0.10526315789473684,0.2,0.6947368421052632,2.7709670391535426e-10,1.5495998098335598e-9,2000,-1.9263157894736842,-1.105263157894737,-1.0061080964542881,-0.4961118156134514,source-designated leader,1,0.9892552006893633,FALSE,Does not meet NI criterion,1,0.9999999559508574,FALSE,FALSE,,,,
Unbreaded_Chicken_Filets,Unbreaded Chicken Filets,whole-muscle-like filet,Plant-based Leader,413,Plant-based Leader / 413,TRUE,Animal-based (Perdue),491,Animal-based (Perdue) / 491,Overall Liking,103,5.116504854368932,5.194174757281553,-0.07766990291262135,1.8132914520196795,0.1786689157520034,-0.3742477919434881,0.21890798611824538,-0.4320588501592906,0.2767190443340479,-0.3742477919434881,0.3742477919434881,-0.04283365634692156,-0.0425179291502612,-0.06414414414414414,0.6019417475728155,62,0.32038834951456313,0.2815533980582524,0.39805825242718446,0.6646882543730984,0.6271095224683501,2000,-0.42718446601941745,0.27208737864077537,-0.24224024095538446,0.14972645844275295,source-designated leader,1,6.047954816732468e-7,TRUE,Meets NI criterion,8.467136743425455e-6,8.467136743425455e-6,TRUE,TRUE,,,,
Unbreaded_Chicken_StripsandChunks,Unbreaded Chicken Strips and Chunks,whole-muscle-like chunks,Plant-based Leader,702,Plant-based Leader / 702,TRUE,Animal-based (Tyson),674,Animal-based (Tyson) / 674,Overall Liking,98,4.551020408163265,5.6938775510204085,-1.1428571428571428,2.2105650721352514,0.22330079325156654,-1.5136960326620803,-0.7720182530522053,-1.586047404678842,-0.6996668810354436,-1.5136960326620803,1.5136960326620803,-0.5169977383896791,-0.5129900039835575,-0.604062604062604,0.3673469387755102,36,0.15306122448979592,0.21428571428571427,0.6326530612244898,1.5612575532828392e-6,3.241556505983981e-6,2000,-1.5816326530612246,-0.7040816326530612,-0.7415829522077224,-0.31427658555721144,source-designated leader,1,0.7380790281984242,FALSE,Does not meet NI criterion,1,0.8610921995648283,FALSE,FALSE,,,,
Bacon,Bacon,processed/strip,Plant-based Leader,334,Plant-based Leader / 334,TRUE,Animal-based (Oscar Mayer),674,Animal-based (Oscar Mayer) / 674,Flavor,92,4.217391304347826,6.293478260869565,-2.0760869565217392,2.0285527545690685,0.21149124450141718,-2.4275370061822947,-1.724636906861184,-2.4961883329589165,-1.655985580084562,-2.4275370061822947,2.4275370061822947,-1.0234325687836345,-1.0149744483804641,-0.8783498946100572,0.21739130434782608,20,0.09782608695652174,0.11956521739130435,0.782608695652174,6.175488232899892e-16,4.7441060141554875e-12,2000,-2.489130434782609,-1.6630434782608696,-1.289286539211878,-0.8065622048983455,source-designated leader,0.3,0.9999999999997145,FALSE,Does not meet NI criterion,1,0.9999999999997145,FALSE,FALSE,,,,
Bratwurst,Bratwurst,processed/sausage,Plant-based Leader,702,Plant-based Leader / 702,TRUE,Animal-based (Johnsonville),491,Animal-based (Johnsonville) / 491,Flavor,106,4.962264150943396,5.9245283018867925,-0.9622641509433962,2.0698494461094867,0.20104155042141583,-1.2958916757406795,-0.6286366261461129,-1.3608924077864168,-0.5636358941003757,-1.2958916757406795,1.2958916757406795,-0.46489572116082123,-0.46156711217876284,-0.5675675675675675,0.46226415094339623,49,0.16037735849056603,0.3018867924528302,0.5377358490566038,5.582361151705313e-6,1.8279430794514457e-5,2000,-1.3679245283018868,-0.5471698113207547,-0.6569938423092964,-0.27746155769282344,source-designated leader,0.3,0.9993268707743697,FALSE,Does not meet NI criterion,1,0.9999999999997145,FALSE,FALSE,,,,
Breaded_Chicken_Filets,Breaded Chicken Filets,breaded/coated,Plant-based Leader,491,Plant-based Leader / 491,TRUE,Animal-based (Tyson),396,Animal-based (Tyson) / 396,Flavor,78,4.743589743589744,5.3076923076923075,-0.5641025641025641,1.8557719266896575,0.21012479332009673,-0.9139360833957694,-0.21426904480935882,-0.9825144823812826,-0.14569064582384555,-0.9139360833957694,0.9139360833957694,-0.3039719245612338,-0.3010015148749677,-0.39985486211901305,0.5641025641025641,44,0.23076923076923078,0.3333333333333333,0.4358974358974359,0.008887766327014672,0.011276962020321215,2000,-0.9743589743589743,-0.19198717948718125,-0.5371292088415132,-0.1042129045974009,source-designated leader,0.3,0.8937025563422809,FALSE,Does not meet NI criterion,1,0.9999999999997145,FALSE,FALSE,,,,
Breakfast_Sausages,Breakfast Sausages,processed/sausage,Plant-based Leader,413,Plant-based Leader / 413,TRUE,Animal-based (Jimmy Dean),674,Animal-based (Jimmy Dean) / 674,Flavor,104,5.0576923076923075,5.721153846153846,-0.6634615384615384,2.147975234996166,0.21062630072999033,-1.013055338720832,-0.31386773820224484,-1.0811891286455997,-0.2457339482774773,-1.013055338720832,1.013055338720832,-0.3088776479598112,-0.3066230665878418,-0.4382284382284382,0.5096153846153846,53,0.25,0.25961538461538464,0.49038461538461536,0.0021377124863172217,7.128996129840323e-4,2000,-1.0673076923076923,-0.25961538461538464,-0.5222848726052985,-0.11898064516032879,source-designated leader,0.3,0.9562929195596861,FALSE,Does not meet NI criterion,1,0.9999999999997145,FALSE,FALSE,,,,
Burgers,Burgers,comminuted/patty,Plant-based Leader,922,Plant-based Leader / 922,TRUE,Animal-based (Bubba),801,Animal-based (Bubba) / 801,Flavor,113,5,5.380530973451328,-0.3805309734513274,2.0280117993757036,0.19077930210008937,-0.6969523020538156,-0.06410964484883919,-0.7585357054942163,-0.0025262414084384344,-0.6969523020538156,0.6969523020538156,-0.18763745534837065,-0.1863781435675091,-0.2929767851895386,0.5309734513274337,60,0.25663716814159293,0.2743362831858407,0.4690265486725664,0.04851407638215896,0.019412859936542126,2000,-0.7256637168141593,-0.017699115044247787,-0.3916817841756721,-0.008308013966565234,source-designated leader,0.3,0.6631251898322699,FALSE,Does not meet NI criterion,1,0.9999999999997145,FALSE,FALSE,,,,
Chicken_Nuggets,Chicken Nuggets,breaded/coated,Plant-based Leader,206,Plant-based Leader / 206,TRUE,Animal-based (Tyson),801,Animal-based (Tyson) / 801,Flavor,97,4.896907216494846,4.938144329896907,-0.041237113402061855,2.193349444785664,0.22270089475610766,-0.4111168962462162,0.32864266944209247,-0.4832948956549494,0.4008206688508256,-0.4111168962462162,0.4111168962462162,-0.01880097742751228,-0.01865371128578242,-0.02774774774774775,0.6391752577319587,62,0.4020618556701031,0.23711340206185566,0.36082474226804123,0.8534877936482607,0.8356965845105044,2000,-0.4847938144329897,0.3711340206185567,-0.22852915156493828,0.17019251452079742,source-designated leader,0.3,0.12407223758799307,FALSE,Does not meet NI criterion,1,0.8685056631159516,FALSE,FALSE,,,,
Deli_Ham,Deli Ham,processed/deli,Plant-based Leader,923,Plant-based Leader / 923,TRUE,Animal-based (Oscar Mayer),674,Animal-based (Oscar Mayer) / 674,Flavor,105,4.876190476190477,5.904761904761905,-1.0285714285714285,2.0496582400729397,0.2000261626006744,-1.3605423363487947,-0.6966005207940623,-1.4252308152871014,-0.6319120418557556,-1.3605423363487947,1.3605423363487947,-0.5018258207450358,-0.4981981642095295,-0.5800344234079173,0.4,42,0.19047619047619047,0.20952380952380953,0.6,1.2826138866870254e-6,3.2358976189112836e-6,2000,-1.4190476190476191,-0.6190476190476191,-0.7056283357296337,-0.3019950264319079,source-designated leader,0.3,0.9997884322559818,FALSE,Does not meet NI criterion,1,0.9999999999997145,FALSE,FALSE,,,,
Deli_Turkey,Deli Turkey,processed/deli,Plant-based Leader,491,Plant-based Leader / 491,TRUE,Animal-based (Oscar Mayer),413,Animal-based (Oscar Mayer) / 413,Flavor,102,5.029411764705882,5.7745098039215685,-0.7450980392156863,1.9984463000179722,0.1978756693733621,-1.0735876051721684,-0.41660847325920414,-1.1376301392822177,-0.35256593914915485,-1.0735876051721684,1.0735876051721684,-0.3728386593169832,-0.370063185426286,-0.4652631578947368,0.5,51,0.23529411764705882,0.2647058823529412,0.5,2.7947798076264165e-4,3.981033411236191e-4,2000,-1.1276960784313725,-0.3723039215686288,-0.5832823141689656,-0.1817249688880192,source-designated leader,0.3,0.986670677523865,FALSE,Does not meet NI criterion,1,0.9999999999997145,FALSE,FALSE,,,,
Hot_Dogs,Hot Dogs,processed/sausage,Plant-based Leader,164,Plant-based Leader / 164,TRUE,Animal-based (Ball Park),801,Animal-based (Ball Park) / 801,Flavor,88,5.284090909090909,5.6022727272727275,-0.3181818181818182,2.2363016192095855,0.2383905536013476,-0.714519785102343,0.07815614873870669,-0.7920088567724598,0.15564522040882345,-0.714519785102343,0.714519785102343,-0.14228036837637253,-0.14105027873623097,-0.15445134575569358,0.5568181818181818,49,0.3409090909090909,0.2159090909090909,0.4431818181818182,0.1854543975748088,0.2578450967658951,2000,-0.7954545454545454,0.13636363636363635,-0.35299670275147843,0.06393167026970302,source-designated leader,0.3,0.5303099122380429,FALSE,Does not meet NI criterion,1,0.9999999999997145,FALSE,FALSE,,,,
Meatballs,Meatballs,comminuted/meatball,Plant-based Leader,859,Plant-based Leader / 859,TRUE,Animal-based (Cooked Perfect),923,Animal-based (Cooked Perfect) / 923,Flavor,99,5.383838383838384,5.797979797979798,-0.41414141414141414,1.6903694862976388,0.16988852554894157,-0.6962500120072121,-0.1320328162756162,-0.7512796639877213,-0.07700316429510695,-0.6962500120072121,0.6962500120072121,-0.24500052651121534,-0.2431207270750679,-0.3075531433740389,0.5757575757575758,57,0.24242424242424243,0.3333333333333333,0.42424242424242425,0.01658201169981341,0.026599555033958205,2000,-0.7575757575757576,-0.0707070707070707,-0.4375538428630145,-0.0439402308160885,source-designated leader,0.3,0.7483733871238496,FALSE,Does not meet NI criterion,1,0.9999999999997145,FALSE,FALSE,,,,
Pulled_Pork,Pulled Pork,shredded/pulled,Plant-based Leader,651,Plant-based Leader / 651,TRUE,Animal-based (Kirkland),164,Animal-based (Kirkland) / 164,Flavor,101,5.2772277227722775,5.98019801980198,-0.7029702970297029,1.9211691984593422,0.1911634801152961,-1.0203464686110497,-0.38559412544835614,-1.0822331969602936,-0.32370739709911217,-1.0203464686110497,1.0203464686110497,-0.36590754088366667,-0.36315635636574434,-0.46582278481012657,0.46534653465346537,47,0.24752475247524752,0.21782178217821782,0.5346534653465347,3.81499510700732e-4,2.44751109107759e-4,2000,-1.0596534653465346,-0.33663366336633666,-0.582165332919932,-0.17183607863517944,source-designated leader,0.3,0.981234033847719,FALSE,Does not meet NI criterion,1,0.9999999999997145,FALSE,FALSE,,,,
Steak,Steak,whole-cut-like,Plant-based Leader,923,Plant-based Leader / 923,TRUE,Animal Based,257,Animal Based / 257,Flavor,95,4.494736842105263,6,-1.5052631578947369,2.1776118297518106,0.22341825965699,-1.876411347382278,-1.1341149684071956,-1.9488653497847301,-1.0616609660047436,-1.876411347382278,1.876411347382278,-0.691244939676093,-0.6857149801586843,-0.7582417582417582,0.3263157894736842,31,0.1368421052631579,0.18947368421052632,0.6736842105263158,1.2782999216335596e-9,5.600898134685903e-9,2000,-1.9263157894736842,-1.0842105263157895,-0.9512449218938034,-0.47420369101660376,source-designated leader,0.3,0.9999997445533477,FALSE,Does not meet NI criterion,1,0.9999999999997145,FALSE,FALSE,,,,
Unbreaded_Chicken_Filets,Unbreaded Chicken Filets,whole-muscle-like filet,Plant-based Leader,413,Plant-based Leader / 413,TRUE,Animal-based (Perdue),491,Animal-based (Perdue) / 491,Flavor,103,5.009708737864078,4.941747572815534,0.06796116504854369,2.241594915051099,0.22087090995840494,-0.29866907921125485,0.4345914093083423,-0.37013523760842115,0.5060575677055085,-0.29866907921125485,0.29866907921125485,0.03031821877905824,0.030094742964961986,0.02120253164556962,0.5825242718446602,60,0.34951456310679613,0.23300970873786409,0.4174757281553398,0.7589408324132386,0.86987611604374,2000,-0.349757281553398,0.4854368932038835,-0.16409729700790748,0.21942511847476664,source-designated leader,0.3,0.04939528155891236,TRUE,Meets NI criterion,0.691533941824773,0.691533941824773,FALSE,FALSE,,,,
Unbreaded_Chicken_StripsandChunks,Unbreaded Chicken Strips and Chunks,whole-muscle-like chunks,Plant-based Leader,702,Plant-based Leader / 702,TRUE,Animal-based (Tyson),674,Animal-based (Tyson) / 674,Flavor,98,4.255102040816326,5.908163265306122,-1.653061224489796,2.14477086857481,0.21665457503722996,-2.012862642604119,-1.293259806375473,-2.083060582922193,-1.223061866057399,-2.012862642604119,2.012862642604119,-0.770740244895366,-0.7647655143147817,-0.8080701754385965,0.336734693877551,33,0.10204081632653061,0.23469387755102042,0.6632653061224489,1.626914685742978e-11,9.461368879973234e-10,2000,-2.0816326530612246,-1.2242346938775523,-1.0233751541383505,-0.5592018603465336,source-designated leader,0.3,0.9999999943942747,FALSE,Does not meet NI criterion,1,0.9999999999997145,FALSE,FALSE,,,,
Bacon,Bacon,processed/strip,Plant-based Leader,334,Plant-based Leader / 334,TRUE,Animal-based (Oscar Mayer),674,Animal-based (Oscar Mayer) / 674,Flavor,92,4.217391304347826,6.293478260869565,-2.0760869565217392,2.0285527545690685,0.21149124450141718,-2.4275370061822947,-1.724636906861184,-2.4961883329589165,-1.655985580084562,-2.4275370061822947,2.4275370061822947,-1.0234325687836345,-1.0149744483804641,-0.8783498946100572,0.21739130434782608,20,0.09782608695652174,0.11956521739130435,0.782608695652174,6.175488232899892e-16,4.7441060141554875e-12,2000,-2.489130434782609,-1.6630434782608696,-1.289286539211878,-0.8065622048983455,source-designated leader,0.5,0.9999999999743296,FALSE,Does not meet NI criterion,1,0.9999999999743296,FALSE,FALSE,,,1,FALSE
Bratwurst,Bratwurst,processed/sausage,Plant-based Leader,702,Plant-based Leader / 702,TRUE,Animal-based (Johnsonville),491,Animal-based (Johnsonville) / 491,Flavor,106,4.962264150943396,5.9245283018867925,-0.9622641509433962,2.0698494461094867,0.20104155042141583,-1.2958916757406795,-0.6286366261461129,-1.3608924077864168,-0.5636358941003757,-1.2958916757406795,1.2958916757406795,-0.46489572116082123,-0.46156711217876284,-0.5675675675675675,0.46226415094339623,49,0.16037735849056603,0.3018867924528302,0.5377358490566038,5.582361151705313e-6,1.8279430794514457e-5,2000,-1.3679245283018868,-0.5471698113207547,-0.6569938423092964,-0.27746155769282344,source-designated leader,0.5,0.9882677795436221,FALSE,Does not meet NI criterion,1,0.9999999999743296,FALSE,FALSE,,,1,FALSE
Breaded_Chicken_Filets,Breaded Chicken Filets,breaded/coated,Plant-based Leader,491,Plant-based Leader / 491,TRUE,Animal-based (Tyson),396,Animal-based (Tyson) / 396,Flavor,78,4.743589743589744,5.3076923076923075,-0.5641025641025641,1.8557719266896575,0.21012479332009673,-0.9139360833957694,-0.21426904480935882,-0.9825144823812826,-0.14569064582384555,-0.9139360833957694,0.9139360833957694,-0.3039719245612338,-0.3010015148749677,-0.39985486211901305,0.5641025641025641,44,0.23076923076923078,0.3333333333333333,0.4358974358974359,0.008887766327014672,0.011276962020321215,2000,-0.9743589743589743,-0.19198717948718125,-0.5371292088415132,-0.1042129045974009,source-designated leader,0.5,0.6194316525474461,FALSE,Does not meet NI criterion,1,0.9999999999743296,FALSE,FALSE,,,1,FALSE
Breakfast_Sausages,Breakfast Sausages,processed/sausage,Plant-based Leader,413,Plant-based Leader / 413,TRUE,Animal-based (Jimmy Dean),674,Animal-based (Jimmy Dean) / 674,Flavor,104,5.0576923076923075,5.721153846153846,-0.6634615384615384,2.147975234996166,0.21062630072999033,-1.013055338720832,-0.31386773820224484,-1.0811891286455997,-0.2457339482774773,-1.013055338720832,1.013055338720832,-0.3088776479598112,-0.3066230665878418,-0.4382284382284382,0.5096153846153846,53,0.25,0.25961538461538464,0.49038461538461536,0.0021377124863172217,7.128996129840323e-4,2000,-1.0673076923076923,-0.25961538461538464,-0.5222848726052985,-0.11898064516032879,source-designated leader,0.5,0.7802580687207072,FALSE,Does not meet NI criterion,1,0.9999999999743296,FALSE,FALSE,,,1,FALSE
Burgers,Burgers,comminuted/patty,Plant-based Leader,922,Plant-based Leader / 922,TRUE,Animal-based (Bubba),801,Animal-based (Bubba) / 801,Flavor,113,5,5.380530973451328,-0.3805309734513274,2.0280117993757036,0.19077930210008937,-0.6969523020538156,-0.06410964484883919,-0.7585357054942163,-0.0025262414084384344,-0.6969523020538156,0.6969523020538156,-0.18763745534837065,-0.1863781435675091,-0.2929767851895386,0.5309734513274337,60,0.25663716814159293,0.2743362831858407,0.4690265486725664,0.04851407638215896,0.019412859936542126,2000,-0.7256637168141593,-0.017699115044247787,-0.3916817841756721,-0.008308013966565234,source-designated leader,0.5,0.2662237738180721,FALSE,Does not meet NI criterion,1,0.8601955396854786,FALSE,FALSE,,,1,FALSE
Chicken_Nuggets,Chicken Nuggets,breaded/coated,Plant-based Leader,206,Plant-based Leader / 206,TRUE,Animal-based (Tyson),801,Animal-based (Tyson) / 801,Flavor,97,4.896907216494846,4.938144329896907,-0.041237113402061855,2.193349444785664,0.22270089475610766,-0.4111168962462162,0.32864266944209247,-0.4832948956549494,0.4008206688508256,-0.4111168962462162,0.4111168962462162,-0.01880097742751228,-0.01865371128578242,-0.02774774774774775,0.6391752577319587,62,0.4020618556701031,0.23711340206185566,0.36082474226804123,0.8534877936482607,0.8356965845105044,2000,-0.4847938144329897,0.3711340206185567,-0.22852915156493828,0.17019251452079742,source-designated leader,0.5,0.021052563938439392,TRUE,Meets NI criterion,0.2736833311997121,0.14736794756907573,FALSE,FALSE,,,1,FALSE
Deli_Ham,Deli Ham,processed/deli,Plant-based Leader,923,Plant-based Leader / 923,TRUE,Animal-based (Oscar Mayer),674,Animal-based (Oscar Mayer) / 674,Flavor,105,4.876190476190477,5.904761904761905,-1.0285714285714285,2.0496582400729397,0.2000261626006744,-1.3605423363487947,-0.6966005207940623,-1.4252308152871014,-0.6319120418557556,-1.3605423363487947,1.3605423363487947,-0.5018258207450358,-0.4981981642095295,-0.5800344234079173,0.4,42,0.19047619047619047,0.20952380952380953,0.6,1.2826138866870254e-6,3.2358976189112836e-6,2000,-1.4190476190476191,-0.6190476190476191,-0.7056283357296337,-0.3019950264319079,source-designated leader,0.5,0.9952496484403544,FALSE,Does not meet NI criterion,1,0.9999999999743296,FALSE,FALSE,,,1,FALSE
Deli_Turkey,Deli Turkey,processed/deli,Plant-based Leader,491,Plant-based Leader / 491,TRUE,Animal-based (Oscar Mayer),413,Animal-based (Oscar Mayer) / 413,Flavor,102,5.029411764705882,5.7745098039215685,-0.7450980392156863,1.9984463000179722,0.1978756693733621,-1.0735876051721684,-0.41660847325920414,-1.1376301392822177,-0.35256593914915485,-1.0735876051721684,1.0735876051721684,-0.3728386593169832,-0.370063185426286,-0.4652631578947368,0.5,51,0.23529411764705882,0.2647058823529412,0.5,2.7947798076264165e-4,3.981033411236191e-4,2000,-1.1276960784313725,-0.3723039215686288,-0.5832823141689656,-0.1817249688880192,source-designated leader,0.5,0.8908262846671451,FALSE,Does not meet NI criterion,1,0.9999999999743296,FALSE,FALSE,,,1,FALSE
Hot_Dogs,Hot Dogs,processed/sausage,Plant-based Leader,164,Plant-based Leader / 164,TRUE,Animal-based (Ball Park),801,Animal-based (Ball Park) / 801,Flavor,88,5.284090909090909,5.6022727272727275,-0.3181818181818182,2.2363016192095855,0.2383905536013476,-0.714519785102343,0.07815614873870669,-0.7920088567724598,0.15564522040882345,-0.714519785102343,0.714519785102343,-0.14228036837637253,-0.14105027873623097,-0.15445134575569358,0.5568181818181818,49,0.3409090909090909,0.2159090909090909,0.4431818181818182,0.1854543975748088,0.2578450967658951,2000,-0.7954545454545454,0.13636363636363635,-0.35299670275147843,0.06393167026970302,source-designated leader,0.5,0.22385554011334535,FALSE,Does not meet NI criterion,1,0.8601955396854786,FALSE,FALSE,,,1,FALSE
Meatballs,Meatballs,comminuted/meatball,Plant-based Leader,859,Plant-based Leader / 859,TRUE,Animal-based (Cooked Perfect),923,Animal-based (Cooked Perfect) / 923,Flavor,99,5.383838383838384,5.797979797979798,-0.41414141414141414,1.6903694862976388,0.16988852554894157,-0.6962500120072121,-0.1320328162756162,-0.7512796639877213,-0.07700316429510695,-0.6962500120072121,0.6962500120072121,-0.24500052651121534,-0.2431207270750679,-0.3075531433740389,0.5757575757575758,57,0.24242424242424243,0.3333333333333333,0.42424242424242425,0.01658201169981341,0.026599555033958205,2000,-0.7575757575757576,-0.0707070707070707,-0.4375538428630145,-0.0439402308160885,source-designated leader,0.5,0.3072126927448138,FALSE,Does not meet NI criterion,1,0.8601955396854786,FALSE,FALSE,,,1,FALSE
Pulled_Pork,Pulled Pork,shredded/pulled,Plant-based Leader,651,Plant-based Leader / 651,TRUE,Animal-based (Kirkland),164,Animal-based (Kirkland) / 164,Flavor,101,5.2772277227722775,5.98019801980198,-0.7029702970297029,1.9211691984593422,0.1911634801152961,-1.0203464686110497,-0.38559412544835614,-1.0822331969602936,-0.32370739709911217,-1.0203464686110497,1.0203464686110497,-0.36590754088366667,-0.36315635636574434,-0.46582278481012657,0.46534653465346537,47,0.24752475247524752,0.21782178217821782,0.5346534653465347,3.81499510700732e-4,2.44751109107759e-4,2000,-1.0596534653465346,-0.33663366336633666,-0.582165332919932,-0.17183607863517944,source-designated leader,0.5,0.854549584733953,FALSE,Does not meet NI criterion,1,0.9999999999743296,FALSE,FALSE,,,1,FALSE
Steak,Steak,whole-cut-like,Plant-based Leader,923,Plant-based Leader / 923,TRUE,Animal Based,257,Animal Based / 257,Flavor,95,4.494736842105263,6,-1.5052631578947369,2.1776118297518106,0.22341825965699,-1.876411347382278,-1.1341149684071956,-1.9488653497847301,-1.0616609660047436,-1.876411347382278,1.876411347382278,-0.691244939676093,-0.6857149801586843,-0.7582417582417582,0.3263157894736842,31,0.1368421052631579,0.18947368421052632,0.6736842105263158,1.2782999216335596e-9,5.600898134685903e-9,2000,-1.9263157894736842,-1.0842105263157895,-0.9512449218938034,-0.47420369101660376,source-designated leader,0.5,0.9999902587994801,FALSE,Does not meet NI criterion,1,0.9999999999743296,FALSE,FALSE,,,1,FALSE
Unbreaded_Chicken_Filets,Unbreaded Chicken Filets,whole-muscle-like filet,Plant-based Leader,413,Plant-based Leader / 413,TRUE,Animal-based (Perdue),491,Animal-based (Perdue) / 491,Flavor,103,5.009708737864078,4.941747572815534,0.06796116504854369,2.241594915051099,0.22087090995840494,-0.29866907921125485,0.4345914093083423,-0.37013523760842115,0.5060575677055085,-0.29866907921125485,0.29866907921125485,0.03031821877905824,0.030094742964961986,0.02120253164556962,0.5825242718446602,60,0.34951456310679613,0.23300970873786409,0.4174757281553398,0.7589408324132386,0.86987611604374,2000,-0.349757281553398,0.4854368932038835,-0.16409729700790748,0.21942511847476664,source-designated leader,0.5,0.0057844949632426404,TRUE,Meets NI criterion,0.08098292948539697,0.08098292948539697,FALSE,FALSE,,,0.3817766675740143,FALSE
Unbreaded_Chicken_StripsandChunks,Unbreaded Chicken Strips and Chunks,whole-muscle-like chunks,Plant-based Leader,702,Plant-based Leader / 702,TRUE,Animal-based (Tyson),674,Animal-based (Tyson) / 674,Flavor,98,4.255102040816326,5.908163265306122,-1.653061224489796,2.14477086857481,0.21665457503722996,-2.012862642604119,-1.293259806375473,-2.083060582922193,-1.223061866057399,-2.012862642604119,2.012862642604119,-0.770740244895366,-0.7647655143147817,-0.8080701754385965,0.336734693877551,33,0.10204081632653061,0.23469387755102042,0.6632653061224489,1.626914685742978e-11,9.461368879973234e-10,2000,-2.0816326530612246,-1.2242346938775523,-1.0233751541383505,-0.5592018603465336,source-designated leader,0.5,0.9999996696114302,FALSE,Does not meet NI criterion,1,0.9999999999743296,FALSE,FALSE,,,1,FALSE
Bacon,Bacon,processed/strip,Plant-based Leader,334,Plant-based Leader / 334,TRUE,Animal-based (Oscar Mayer),674,Animal-based (Oscar Mayer) / 674,Flavor,92,4.217391304347826,6.293478260869565,-2.0760869565217392,2.0285527545690685,0.21149124450141718,-2.4275370061822947,-1.724636906861184,-2.4961883329589165,-1.655985580084562,-2.4275370061822947,2.4275370061822947,-1.0234325687836345,-1.0149744483804641,-0.8783498946100572,0.21739130434782608,20,0.09782608695652174,0.11956521739130435,0.782608695652174,6.175488232899892e-16,4.7441060141554875e-12,2000,-2.489130434782609,-1.6630434782608696,-1.289286539211878,-0.8065622048983455,source-designated leader,0.7,0.9999999979530514,FALSE,Does not meet NI criterion,1,0.9999999979530514,FALSE,FALSE,,,,
Bratwurst,Bratwurst,processed/sausage,Plant-based Leader,702,Plant-based Leader / 702,TRUE,Animal-based (Johnsonville),491,Animal-based (Johnsonville) / 491,Flavor,106,4.962264150943396,5.9245283018867925,-0.9622641509433962,2.0698494461094867,0.20104155042141583,-1.2958916757406795,-0.6286366261461129,-1.3608924077864168,-0.5636358941003757,-1.2958916757406795,1.2958916757406795,-0.46489572116082123,-0.46156711217876284,-0.5675675675675675,0.46226415094339623,49,0.16037735849056603,0.3018867924528302,0.5377358490566038,5.582361151705313e-6,1.8279430794514457e-5,2000,-1.3679245283018868,-0.5471698113207547,-0.6569938423092964,-0.27746155769282344,source-designated leader,0.7,0.9025469727750517,FALSE,Does not meet NI criterion,1,0.9999999979530514,FALSE,FALSE,,,,
Breaded_Chicken_Filets,Breaded Chicken Filets,breaded/coated,Plant-based Leader,491,Plant-based Leader / 491,TRUE,Animal-based (Tyson),396,Animal-based (Tyson) / 396,Flavor,78,4.743589743589744,5.3076923076923075,-0.5641025641025641,1.8557719266896575,0.21012479332009673,-0.9139360833957694,-0.21426904480935882,-0.9825144823812826,-0.14569064582384555,-0.9139360833957694,0.9139360833957694,-0.3039719245612338,-0.3010015148749677,-0.39985486211901305,0.5641025641025641,44,0.23076923076923078,0.3333333333333333,0.4358974358974359,0.008887766327014672,0.011276962020321215,2000,-0.9743589743589743,-0.19198717948718125,-0.5371292088415132,-0.1042129045974009,source-designated leader,0.7,0.2598597007518162,FALSE,Does not meet NI criterion,1,0.6063393017542378,FALSE,FALSE,,,,
Breakfast_Sausages,Breakfast Sausages,processed/sausage,Plant-based Leader,413,Plant-based Leader / 413,TRUE,Animal-based (Jimmy Dean),674,Animal-based (Jimmy Dean) / 674,Flavor,104,5.0576923076923075,5.721153846153846,-0.6634615384615384,2.147975234996166,0.21062630072999033,-1.013055338720832,-0.31386773820224484,-1.0811891286455997,-0.2457339482774773,-1.013055338720832,1.013055338720832,-0.3088776479598112,-0.3066230665878418,-0.4382284382284382,0.5096153846153846,53,0.25,0.25961538461538464,0.49038461538461536,0.0021377124863172217,7.128996129840323e-4,2000,-1.0673076923076923,-0.25961538461538464,-0.5222848726052985,-0.11898064516032879,source-designated leader,0.7,0.4313091535565882,FALSE,Does not meet NI criterion,1,0.8626183071131764,FALSE,FALSE,,,,
Burgers,Burgers,comminuted/patty,Plant-based Leader,922,Plant-based Leader / 922,TRUE,Animal-based (Bubba),801,Animal-based (Bubba) / 801,Flavor,113,5,5.380530973451328,-0.3805309734513274,2.0280117993757036,0.19077930210008937,-0.6969523020538156,-0.06410964484883919,-0.7585357054942163,-0.0025262414084384344,-0.6969523020538156,0.6969523020538156,-0.18763745534837065,-0.1863781435675091,-0.2929767851895386,0.5309734513274337,60,0.25663716814159293,0.2743362831858407,0.4690265486725664,0.04851407638215896,0.019412859936542126,2000,-0.7256637168141593,-0.017699115044247787,-0.3916817841756721,-0.008308013966565234,source-designated leader,0.7,0.04840662770223593,TRUE,Meets NI criterion,0.5737883109811285,0.15800124547217825,FALSE,FALSE,,,,
Chicken_Nuggets,Chicken Nuggets,breaded/coated,Plant-based Leader,206,Plant-based Leader / 206,TRUE,Animal-based (Tyson),801,Animal-based (Tyson) / 801,Flavor,97,4.896907216494846,4.938144329896907,-0.041237113402061855,2.193349444785664,0.22270089475610766,-0.4111168962462162,0.32864266944209247,-0.4832948956549494,0.4008206688508256,-0.4111168962462162,0.4111168962462162,-0.01880097742751228,-0.01865371128578242,-0.02774774774774775,0.6391752577319587,62,0.4020618556701031,0.23711340206185566,0.36082474226804123,0.8534877936482607,0.8356965845105044,2000,-0.4847938144329897,0.3711340206185567,-0.22852915156493828,0.17019251452079742,source-designated leader,0.7,0.0019488649820439937,TRUE,Meets NI criterion,0.025335244766571917,0.013642054874307957,TRUE,TRUE,,,,
Deli_Ham,Deli Ham,processed/deli,Plant-based Leader,923,Plant-based Leader / 923,TRUE,Animal-based (Oscar Mayer),674,Animal-based (Oscar Mayer) / 674,Flavor,105,4.876190476190477,5.904761904761905,-1.0285714285714285,2.0496582400729397,0.2000261626006744,-1.3605423363487947,-0.6966005207940623,-1.4252308152871014,-0.6319120418557556,-1.3605423363487947,1.3605423363487947,-0.5018258207450358,-0.4981981642095295,-0.5800344234079173,0.4,42,0.19047619047619047,0.20952380952380953,0.6,1.2826138866870254e-6,3.2358976189112836e-6,2000,-1.4190476190476191,-0.6190476190476191,-0.7056283357296337,-0.3019950264319079,source-designated leader,0.7,0.9482613684645091,FALSE,Does not meet NI criterion,1,0.9999999979530514,FALSE,FALSE,,,,
Deli_Turkey,Deli Turkey,processed/deli,Plant-based Leader,491,Plant-based Leader / 491,TRUE,Animal-based (Oscar Mayer),413,Animal-based (Oscar Mayer) / 413,Flavor,102,5.029411764705882,5.7745098039215685,-0.7450980392156863,1.9984463000179722,0.1978756693733621,-1.0735876051721684,-0.41660847325920414,-1.1376301392822177,-0.35256593914915485,-1.0735876051721684,1.0735876051721684,-0.3728386593169832,-0.370063185426286,-0.4652631578947368,0.5,51,0.23529411764705882,0.2647058823529412,0.5,2.7947798076264165e-4,3.981033411236191e-4,2000,-1.1276960784313725,-0.3723039215686288,-0.5832823141689656,-0.1817249688880192,source-designated leader,0.7,0.5899119011757794,FALSE,Does not meet NI criterion,1,0.9176407351623236,FALSE,FALSE,,,,
Hot_Dogs,Hot Dogs,processed/sausage,Plant-based Leader,164,Plant-based Leader / 164,TRUE,Animal-based (Ball Park),801,Animal-based (Ball Park) / 801,Flavor,88,5.284090909090909,5.6022727272727275,-0.3181818181818182,2.2363016192095855,0.2383905536013476,-0.714519785102343,0.07815614873870669,-0.7920088567724598,0.15564522040882345,-0.714519785102343,0.714519785102343,-0.14228036837637253,-0.14105027873623097,-0.15445134575569358,0.5568181818181818,49,0.3409090909090909,0.2159090909090909,0.4431818181818182,0.1854543975748088,0.2578450967658951,2000,-0.7954545454545454,0.13636363636363635,-0.35299670275147843,0.06393167026970302,source-designated leader,0.7,0.05642901624006367,FALSE,Does not meet NI criterion,0.5737883109811285,0.15800124547217825,FALSE,FALSE,,,,
Meatballs,Meatballs,comminuted/meatball,Plant-based Leader,859,Plant-based Leader / 859,TRUE,Animal-based (Cooked Perfect),923,Animal-based (Cooked Perfect) / 923,Flavor,99,5.383838383838384,5.797979797979798,-0.41414141414141414,1.6903694862976388,0.16988852554894157,-0.6962500120072121,-0.1320328162756162,-0.7512796639877213,-0.07700316429510695,-0.6962500120072121,0.6962500120072121,-0.24500052651121534,-0.2431207270750679,-0.3075531433740389,0.5757575757575758,57,0.24242424242424243,0.3333333333333333,0.42424242424242425,0.01658201169981341,0.026599555033958205,2000,-0.7575757575757576,-0.0707070707070707,-0.4375538428630145,-0.0439402308160885,source-designated leader,0.7,0.04781569258176071,TRUE,Meets NI criterion,0.5737883109811285,0.15800124547217825,FALSE,FALSE,,,,
Pulled_Pork,Pulled Pork,shredded/pulled,Plant-based Leader,651,Plant-based Leader / 651,TRUE,Animal-based (Kirkland),164,Animal-based (Kirkland) / 164,Flavor,101,5.2772277227722775,5.98019801980198,-0.7029702970297029,1.9211691984593422,0.1911634801152961,-1.0203464686110497,-0.38559412544835614,-1.0822331969602936,-0.32370739709911217,-1.0203464686110497,1.0203464686110497,-0.36590754088366667,-0.36315635636574434,-0.46582278481012657,0.46534653465346537,47,0.24752475247524752,0.21782178217821782,0.5346534653465347,3.81499510700732e-4,2.44751109107759e-4,2000,-1.0596534653465346,-0.33663366336633666,-0.582165332919932,-0.17183607863517944,source-designated leader,0.7,0.506183034229076,FALSE,Does not meet NI criterion,1,0.8858203099008829,FALSE,FALSE,,,,
Steak,Steak,whole-cut-like,Plant-based Leader,923,Plant-based Leader / 923,TRUE,Animal Based,257,Animal Based / 257,Flavor,95,4.494736842105263,6,-1.5052631578947369,2.1776118297518106,0.22341825965699,-1.876411347382278,-1.1341149684071956,-1.9488653497847301,-1.0616609660047436,-1.876411347382278,1.876411347382278,-0.691244939676093,-0.6857149801586843,-0.7582417582417582,0.3263157894736842,31,0.1368421052631579,0.18947368421052632,0.6736842105263158,1.2782999216335596e-9,5.600898134685903e-9,2000,-1.9263157894736842,-1.0842105263157895,-0.9512449218938034,-0.47420369101660376,source-designated leader,0.7,0.9997484755170575,FALSE,Does not meet NI criterion,1,0.9999999979530514,FALSE,FALSE,,,,
Unbreaded_Chicken_Filets,Unbreaded Chicken Filets,whole-muscle-like filet,Plant-based Leader,413,Plant-based Leader / 413,TRUE,Animal-based (Perdue),491,Animal-based (Perdue) / 491,Flavor,103,5.009708737864078,4.941747572815534,0.06796116504854369,2.241594915051099,0.22087090995840494,-0.29866907921125485,0.4345914093083423,-0.37013523760842115,0.5060575677055085,-0.29866907921125485,0.29866907921125485,0.03031821877905824,0.030094742964961986,0.02120253164556962,0.5825242718446602,60,0.34951456310679613,0.23300970873786409,0.4174757281553398,0.7589408324132386,0.86987611604374,2000,-0.349757281553398,0.4854368932038835,-0.16409729700790748,0.21942511847476664,source-designated leader,0.7,3.7329027615027504e-4,TRUE,Meets NI criterion,0.0052260638661038505,0.0052260638661038505,TRUE,TRUE,,,,
Unbreaded_Chicken_StripsandChunks,Unbreaded Chicken Strips and Chunks,whole-muscle-like chunks,Plant-based Leader,702,Plant-based Leader / 702,TRUE,Animal-based (Tyson),674,Animal-based (Tyson) / 674,Flavor,98,4.255102040816326,5.908163265306122,-1.653061224489796,2.14477086857481,0.21665457503722996,-2.012862642604119,-1.293259806375473,-2.083060582922193,-1.223061866057399,-2.012862642604119,2.012862642604119,-0.770740244895366,-0.7647655143147817,-0.8080701754385965,0.336734693877551,33,0.10204081632653061,0.23469387755102042,0.6632653061224489,1.626914685742978e-11,9.461368879973234e-10,2000,-2.0816326530612246,-1.2242346938775523,-1.0233751541383505,-0.5592018603465336,source-designated leader,0.7,0.9999860449651718,FALSE,Does not meet NI criterion,1,0.9999999979530514,FALSE,FALSE,,,,
Bacon,Bacon,processed/strip,Plant-based Leader,334,Plant-based Leader / 334,TRUE,Animal-based (Oscar Mayer),674,Animal-based (Oscar Mayer) / 674,Flavor,92,4.217391304347826,6.293478260869565,-2.0760869565217392,2.0285527545690685,0.21149124450141718,-2.4275370061822947,-1.724636906861184,-2.4961883329589165,-1.655985580084562,-2.4275370061822947,2.4275370061822947,-1.0234325687836345,-1.0149744483804641,-0.8783498946100572,0.21739130434782608,20,0.09782608695652174,0.11956521739130435,0.782608695652174,6.175488232899892e-16,4.7441060141554875e-12,2000,-2.489130434782609,-1.6630434782608696,-1.289286539211878,-0.8065622048983455,source-designated leader,1,0.9999990336287297,FALSE,Does not meet NI criterion,1,0.9999990336287297,FALSE,FALSE,,,,
Bratwurst,Bratwurst,processed/sausage,Plant-based Leader,702,Plant-based Leader / 702,TRUE,Animal-based (Johnsonville),491,Animal-based (Johnsonville) / 491,Flavor,106,4.962264150943396,5.9245283018867925,-0.9622641509433962,2.0698494461094867,0.20104155042141583,-1.2958916757406795,-0.6286366261461129,-1.3608924077864168,-0.5636358941003757,-1.2958916757406795,1.2958916757406795,-0.46489572116082123,-0.46156711217876284,-0.5675675675675675,0.46226415094339623,49,0.16037735849056603,0.3018867924528302,0.5377358490566038,5.582361151705313e-6,1.8279430794514457e-5,2000,-1.3679245283018868,-0.5471698113207547,-0.6569938423092964,-0.27746155769282344,source-designated leader,1,0.4257363582112655,FALSE,Does not meet NI criterion,1,0.5960309014957716,FALSE,FALSE,,,,
Breaded_Chicken_Filets,Breaded Chicken Filets,breaded/coated,Plant-based Leader,491,Plant-based Leader / 491,TRUE,Animal-based (Tyson),396,Animal-based (Tyson) / 396,Flavor,78,4.743589743589744,5.3076923076923075,-0.5641025641025641,1.8557719266896575,0.21012479332009673,-0.9139360833957694,-0.21426904480935882,-0.9825144823812826,-0.14569064582384555,-0.9139360833957694,0.9139360833957694,-0.3039719245612338,-0.3010015148749677,-0.39985486211901305,0.5641025641025641,44,0.23076923076923078,0.3333333333333333,0.4358974358974359,0.008887766327014672,0.011276962020321215,2000,-0.9743589743589743,-0.19198717948718125,-0.5371292088415132,-0.1042129045974009,source-designated leader,1,0.020688736442717796,TRUE,Meets NI criterion,0.18619862798446016,0.04827371836634153,FALSE,TRUE,,,,
Breakfast_Sausages,Breakfast Sausages,processed/sausage,Plant-based Leader,413,Plant-based Leader / 413,TRUE,Animal-based (Jimmy Dean),674,Animal-based (Jimmy Dean) / 674,Flavor,104,5.0576923076923075,5.721153846153846,-0.6634615384615384,2.147975234996166,0.21062630072999033,-1.013055338720832,-0.31386773820224484,-1.0811891286455997,-0.2457339482774773,-1.013055338720832,1.013055338720832,-0.3088776479598112,-0.3066230665878418,-0.4382284382284382,0.5096153846153846,53,0.25,0.25961538461538464,0.49038461538461536,0.0021377124863172217,7.128996129840323e-4,2000,-1.0673076923076923,-0.25961538461538464,-0.5222848726052985,-0.11898064516032879,source-designated leader,1,0.05657558472116134,FALSE,Does not meet NI criterion,0.4526046777692907,0.10796757905045289,FALSE,FALSE,,,,
Burgers,Burgers,comminuted/patty,Plant-based Leader,922,Plant-based Leader / 922,TRUE,Animal-based (Bubba),801,Animal-based (Bubba) / 801,Flavor,113,5,5.380530973451328,-0.3805309734513274,2.0280117993757036,0.19077930210008937,-0.6969523020538156,-0.06410964484883919,-0.7585357054942163,-0.0025262414084384344,-0.6969523020538156,0.6969523020538156,-0.18763745534837065,-0.1863781435675091,-0.2929767851895386,0.5309734513274337,60,0.25663716814159293,0.2743362831858407,0.4690265486725664,0.04851407638215896,0.019412859936542126,2000,-0.7256637168141593,-0.017699115044247787,-0.3916817841756721,-0.008308013966565234,source-designated leader,1,7.693860734734355e-4,TRUE,Meets NI criterion,0.008463246808207791,0.0026928512571570244,TRUE,TRUE,,,,
Chicken_Nuggets,Chicken Nuggets,breaded/coated,Plant-based Leader,206,Plant-based Leader / 206,TRUE,Animal-based (Tyson),801,Animal-based (Tyson) / 801,Flavor,97,4.896907216494846,4.938144329896907,-0.041237113402061855,2.193349444785664,0.22270089475610766,-0.4111168962462162,0.32864266944209247,-0.4832948956549494,0.4008206688508256,-0.4111168962462162,0.4111168962462162,-0.01880097742751228,-0.01865371128578242,-0.02774774774774775,0.6391752577319587,62,0.4020618556701031,0.23711340206185566,0.36082474226804123,0.8534877936482607,0.8356965845105044,2000,-0.4847938144329897,0.3711340206185567,-0.22852915156493828,0.17019251452079742,source-designated leader,1,2.0121871489741503e-5,TRUE,Meets NI criterion,2.615843293666395e-4,1.4085310042819053e-4,TRUE,TRUE,,,,
Deli_Ham,Deli Ham,processed/deli,Plant-based Leader,923,Plant-based Leader / 923,TRUE,Animal-based (Oscar Mayer),674,Animal-based (Oscar Mayer) / 674,Flavor,105,4.876190476190477,5.904761904761905,-1.0285714285714285,2.0496582400729397,0.2000261626006744,-1.3605423363487947,-0.6966005207940623,-1.4252308152871014,-0.6319120418557556,-1.3605423363487947,1.3605423363487947,-0.5018258207450358,-0.4981981642095295,-0.5800344234079173,0.4,42,0.19047619047619047,0.20952380952380953,0.6,1.2826138866870254e-6,3.2358976189112836e-6,2000,-1.4190476190476191,-0.6190476190476191,-0.7056283357296337,-0.3019950264319079,source-designated leader,1,0.5566529311938673,FALSE,Does not meet NI criterion,1,0.7084673669740129,FALSE,FALSE,,,,
Deli_Turkey,Deli Turkey,processed/deli,Plant-based Leader,491,Plant-based Leader / 491,TRUE,Animal-based (Oscar Mayer),413,Animal-based (Oscar Mayer) / 413,Flavor,102,5.029411764705882,5.7745098039215685,-0.7450980392156863,1.9984463000179722,0.1978756693733621,-1.0735876051721684,-0.41660847325920414,-1.1376301392822177,-0.35256593914915485,-1.0735876051721684,1.0735876051721684,-0.3728386593169832,-0.370063185426286,-0.4652631578947368,0.5,51,0.23529411764705882,0.2647058823529412,0.5,2.7947798076264165e-4,3.981033411236191e-4,2000,-1.1276960784313725,-0.3723039215686288,-0.5832823141689656,-0.1817249688880192,source-designated leader,1,0.1003111683969853,FALSE,Does not meet NI criterion,0.6018670103819118,0.15603959528419936,FALSE,FALSE,,,,
Hot_Dogs,Hot Dogs,processed/sausage,Plant-based Leader,164,Plant-based Leader / 164,TRUE,Animal-based (Ball Park),801,Animal-based (Ball Park) / 801,Flavor,88,5.284090909090909,5.6022727272727275,-0.3181818181818182,2.2363016192095855,0.2383905536013476,-0.714519785102343,0.07815614873870669,-0.7920088567724598,0.15564522040882345,-0.714519785102343,0.714519785102343,-0.14228036837637253,-0.14105027873623097,-0.15445134575569358,0.5568181818181818,49,0.3409090909090909,0.2159090909090909,0.4431818181818182,0.1854543975748088,0.2578450967658951,2000,-0.7954545454545454,0.13636363636363635,-0.35299670275147843,0.06393167026970302,source-designated leader,1,0.0026507592146915834,TRUE,Meets NI criterion,0.026507592146915834,0.007422125801136433,TRUE,TRUE,,,,
Meatballs,Meatballs,comminuted/meatball,Plant-based Leader,859,Plant-based Leader / 859,TRUE,Animal-based (Cooked Perfect),923,Animal-based (Cooked Perfect) / 923,Flavor,99,5.383838383838384,5.797979797979798,-0.41414141414141414,1.6903694862976388,0.16988852554894157,-0.6962500120072121,-0.1320328162756162,-0.7512796639877213,-0.07700316429510695,-0.6962500120072121,0.6962500120072121,-0.24500052651121534,-0.2431207270750679,-0.3075531433740389,0.5757575757575758,57,0.24242424242424243,0.3333333333333333,0.42424242424242425,0.01658201169981341,0.026599555033958205,2000,-0.7575757575757576,-0.0707070707070707,-0.4375538428630145,-0.0439402308160885,source-designated leader,1,4.1621614392117713e-4,TRUE,Meets NI criterion,0.0049945937270541255,0.0019423420049654934,TRUE,TRUE,,,,
Pulled_Pork,Pulled Pork,shredded/pulled,Plant-based Leader,651,Plant-based Leader / 651,TRUE,Animal-based (Kirkland),164,Animal-based (Kirkland) / 164,Flavor,101,5.2772277227722775,5.98019801980198,-0.7029702970297029,1.9211691984593422,0.1911634801152961,-1.0203464686110497,-0.38559412544835614,-1.0822331969602936,-0.32370739709911217,-1.0203464686110497,1.0203464686110497,-0.36590754088366667,-0.36315635636574434,-0.46582278481012657,0.46534653465346537,47,0.24752475247524752,0.21782178217821782,0.5346534653465347,3.81499510700732e-4,2.44751109107759e-4,2000,-1.0596534653465346,-0.33663366336633666,-0.582165332919932,-0.17183607863517944,source-designated leader,1,0.06169575945740165,FALSE,Does not meet NI criterion,0.4526046777692907,0.10796757905045289,FALSE,FALSE,,,,
Steak,Steak,whole-cut-like,Plant-based Leader,923,Plant-based Leader / 923,TRUE,Animal Based,257,Animal Based / 257,Flavor,95,4.494736842105263,6,-1.5052631578947369,2.1776118297518106,0.22341825965699,-1.876411347382278,-1.1341149684071956,-1.9488653497847301,-1.0616609660047436,-1.876411347382278,1.876411347382278,-0.691244939676093,-0.6857149801586843,-0.7582417582417582,0.3263157894736842,31,0.1368421052631579,0.18947368421052632,0.6736842105263158,1.2782999216335596e-9,5.600898134685903e-9,2000,-1.9263157894736842,-1.0842105263157895,-0.9512449218938034,-0.47420369101660376,source-designated leader,1,0.9869836809159898,FALSE,Does not meet NI criterion,1,0.9999990336287297,FALSE,FALSE,,,,
Unbreaded_Chicken_Filets,Unbreaded Chicken Filets,whole-muscle-like filet,Plant-based Leader,413,Plant-based Leader / 413,TRUE,Animal-based (Perdue),491,Animal-based (Perdue) / 491,Flavor,103,5.009708737864078,4.941747572815534,0.06796116504854369,2.241594915051099,0.22087090995840494,-0.29866907921125485,0.4345914093083423,-0.37013523760842115,0.5060575677055085,-0.29866907921125485,0.29866907921125485,0.03031821877905824,0.030094742964961986,0.02120253164556962,0.5825242718446602,60,0.34951456310679613,0.23300970873786409,0.4174757281553398,0.7589408324132386,0.86987611604374,2000,-0.349757281553398,0.4854368932038835,-0.16409729700790748,0.21942511847476664,source-designated leader,1,2.3586648963269104e-6,TRUE,Meets NI criterion,3.3021308548576745e-5,3.3021308548576745e-5,TRUE,TRUE,,,,
Unbreaded_Chicken_StripsandChunks,Unbreaded Chicken Strips and Chunks,whole-muscle-like chunks,Plant-based Leader,702,Plant-based Leader / 702,TRUE,Animal-based (Tyson),674,Animal-based (Tyson) / 674,Flavor,98,4.255102040816326,5.908163265306122,-1.653061224489796,2.14477086857481,0.21665457503722996,-2.012862642604119,-1.293259806375473,-2.083060582922193,-1.223061866057399,-2.012862642604119,2.012862642604119,-0.770740244895366,-0.7647655143147817,-0.8080701754385965,0.336734693877551,33,0.10204081632653061,0.23469387755102042,0.6632653061224489,1.626914685742978e-11,9.461368879973234e-10,2000,-2.0816326530612246,-1.2242346938775523,-1.0233751541383505,-0.5592018603465336,source-designated leader,1,0.9983565601367118,FALSE,Does not meet NI criterion,1,0.9999990336287297,FALSE,FALSE,,,,
Bacon,Bacon,processed/strip,Plant-based Leader,334,Plant-based Leader / 334,TRUE,Animal-based (Oscar Mayer),674,Animal-based (Oscar Mayer) / 674,Texture,92,4.0978260869565215,6.184782608695652,-2.0869565217391304,1.7456518912891525,0.18199679062989102,-2.389393538721686,-1.784519504756575,-2.448470788823854,-1.7254422546544066,-2.389393538721686,2.389393538721686,-1.1955170055112916,-1.1856366996806198,-0.9213998852553069,0.16304347826086957,15,0.06521739130434782,0.09782608695652174,0.8369565217391305,2.321862396706017e-19,2.0626268355615196e-13,2000,-2.4456521739130435,-1.7173913043478262,-1.5036777852395722,-0.9406527589579684,source-designated leader,0.3,0.9999999999999997,FALSE,Does not meet NI criterion,1,0.9999999999999997,FALSE,FALSE,,,,
Bratwurst,Bratwurst,processed/sausage,Plant-based Leader,702,Plant-based Leader / 702,TRUE,Animal-based (Johnsonville),491,Animal-based (Johnsonville) / 491,Texture,106,4.537735849056604,5.7075471698113205,-1.169811320754717,2.11332145758962,0.20526392543730446,-1.5104458573978796,-0.8291767841115543,-1.576811767270932,-0.7628108742385018,-1.5104458573978796,1.5104458573978796,-0.553541590444533,-0.5495782855010161,-0.6362593230063109,0.3867924528301887,41,0.16981132075471697,0.2169811320754717,0.6132075471698113,1.1126058583047301e-7,3.83219856307208e-7,2000,-1.5660377358490567,-0.7547169811320755,-0.7958435477180988,-0.35148005622423817,source-designated leader,0.3,0.9999756593411797,FALSE,Does not meet NI criterion,1,0.9999999999999997,FALSE,FALSE,,,,
Breaded_Chicken_Filets,Breaded Chicken Filets,breaded/coated,Plant-based Leader,491,Plant-based Leader / 491,TRUE,Animal-based (Tyson),396,Animal-based (Tyson) / 396,Texture,78,4.448717948717949,5.089743589743589,-0.6410256410256411,1.8999272643245082,0.21512440079398093,-0.9991829294944767,-0.2828683525568054,-1.0693930496619481,-0.212658232389334,-0.9991829294944767,0.9991829294944767,-0.33739483245615115,-0.3340978145494135,-0.41683501683501684,0.48717948717948717,38,0.1794871794871795,0.3076923076923077,0.5128205128205128,0.003857822041214631,0.007147458171302223,2000,-1.064102564102564,-0.23076923076923078,-0.5847036101411047,-0.12327220057858997,source-designated leader,0.3,0.9414957552222815,FALSE,Does not meet NI criterion,1,0.9999999999999997,FALSE,FALSE,,,,
Breakfast_Sausages,Breakfast Sausages,processed/sausage,Plant-based Leader,413,Plant-based Leader / 413,TRUE,Animal-based (Jimmy Dean),674,Animal-based (Jimmy Dean) / 674,Texture,104,5.134615384615385,5.490384615384615,-0.3557692307692308,2.268048514193068,0.22240045445472262,-0.724905562664889,0.013367101126427416,-0.7968480778706043,0.08530961633214273,-0.724905562664889,0.724905562664889,-0.1568613848173381,-0.15571641120553273,-0.2056140350877193,0.5769230769230769,60,0.2980769230769231,0.27884615384615385,0.4230769230769231,0.11273295486057038,0.11721267820518834,2000,-0.7790865384615385,0.0673076923076923,-0.3517978223180322,0.03139222981095665,source-designated leader,0.3,0.5987505551087091,FALSE,Does not meet NI criterion,1,0.9999999999999997,FALSE,FALSE,,,,
Burgers,Burgers,comminuted/patty,Plant-based Leader,922,Plant-based Leader / 922,TRUE,Animal-based (Bubba),801,Animal-based (Bubba) / 801,Texture,113,5,5.460176991150442,-0.46017699115044247,1.8709976245980593,0.1760086510155534,-0.7521001221547414,-0.16825386014614357,-0.8089155714470597,-0.11143841085382516,-0.7521001221547414,0.7521001221547414,-0.24595273938378243,-0.24430204985771678,-0.3310613437195716,0.5663716814159292,64,0.25663716814159293,0.30973451327433627,0.4336283185840708,0.010164777782118,0.010044564353669261,2000,-0.8141592920353983,-0.10619469026548672,-0.436919355334557,-0.06166719728241875,source-designated leader,0.3,0.8176252303455036,FALSE,Does not meet NI criterion,1,0.9999999999999997,FALSE,FALSE,,,,
Chicken_Nuggets,Chicken Nuggets,breaded/coated,Plant-based Leader,206,Plant-based Leader / 206,TRUE,Animal-based (Tyson),801,Animal-based (Tyson) / 801,Texture,97,5.103092783505154,4.670103092783505,0.4329896907216495,2.249570405724008,0.22840926846499512,0.05362897592996568,0.8123504055133333,-0.02039912378768688,0.8863785052309858,0.05362897592996568,0,0.1924766122544606,0.19096896255011758,0.2376897445390596,0.7216494845360825,70,0.4742268041237113,0.24742268041237114,0.27835051546391754,0.06101103086126422,0.07544899138638894,2000,0,0.8762886597938144,0,0.40439622402607456,source-designated leader,0.3,9.053481774261141e-4,TRUE,Meets NI criterion,0.012674874483965598,0.012674874483965598,TRUE,TRUE,,,,
Deli_Ham,Deli Ham,processed/deli,Plant-based Leader,923,Plant-based Leader / 923,TRUE,Animal-based (Oscar Mayer),674,Animal-based (Oscar Mayer) / 674,Texture,105,4.714285714285714,5.895238095238096,-1.180952380952381,2.0228547629381084,0.1974104110715588,-1.5085820895668451,-0.8533226723379168,-1.5724246342258605,-0.7894801276789015,-1.5085820895668451,1.5085820895668451,-0.5838048299805266,-0.5795845541011493,-0.7394843962008141,0.47619047619047616,50,0.10476190476190476,0.37142857142857144,0.5238095238095238,3.15154125873739e-8,1.3807638821049158e-7,2000,-1.5523809523809524,-0.8095238095238095,-0.7790831925454076,-0.4049771294069125,source-designated leader,0.3,0.9999897086733769,FALSE,Does not meet NI criterion,1,0.9999999999999997,FALSE,FALSE,,,,
Deli_Turkey,Deli Turkey,processed/deli,Plant-based Leader,491,Plant-based Leader / 491,TRUE,Animal-based (Oscar Mayer),413,Animal-based (Oscar Mayer) / 413,Texture,102,4.96078431372549,5.5588235294117645,-0.5980392156862745,2.130680195960155,0.21096877608990067,-0.9482643944947966,-0.24781403687775239,-1.0165445174714098,-0.1795339139011392,-0.9482643944947966,0.9482643944947966,-0.28067995226133796,-0.2785905233363156,-0.38541281007034434,0.5098039215686274,52,0.22549019607843138,0.28431372549019607,0.49019607843137253,0.005540201629399922,0.003833047791176749,2000,-1,-0.18627450980392157,-0.4977023635135944,-0.08180310403900858,source-designated leader,0.3,0.9195934819166389,FALSE,Does not meet NI criterion,1,0.9999999999999997,FALSE,FALSE,,,,
Hot_Dogs,Hot Dogs,processed/sausage,Plant-based Leader,164,Plant-based Leader / 164,TRUE,Animal-based (Ball Park),801,Animal-based (Ball Park) / 801,Texture,88,4.8977272727272725,5.590909090909091,-0.6931818181818182,2.4038185835570305,0.2562479220016438,-1.119208684177429,-0.2671549521862076,-1.2025023100922756,-0.18386132627136087,-1.119208684177429,1.119208684177429,-0.28836694371340127,-0.2858738577446975,-0.3593350383631714,0.48863636363636365,43,0.26136363636363635,0.22727272727272727,0.5113636363636364,0.008214155563829758,0.009464224830283354,2000,-1.1818181818181819,-0.21562500000000154,-0.507537855807362,-0.09280624804076774,source-designated leader,0.3,0.9357175943939522,FALSE,Does not meet NI criterion,1,0.9999999999999997,FALSE,FALSE,,,,
Meatballs,Meatballs,comminuted/meatball,Plant-based Leader,859,Plant-based Leader / 859,TRUE,Animal-based (Cooked Perfect),923,Animal-based (Cooked Perfect) / 923,Texture,99,5.404040404040404,5.787878787878788,-0.3838383838383838,1.8222383113658889,0.18314184113368087,-0.6879547910285768,-0.0797219766481908,-0.7472774071269361,-0.020399360549831436,-0.6879547910285768,0.6879547910285768,-0.21064115568433603,-0.20902498313432832,-0.31201923076923077,0.5858585858585859,58,0.23232323232323232,0.35353535353535354,0.41414141414141414,0.03867206166791033,0.027190688415581466,2000,-0.7272727272727273,-0.030303030303030304,-0.41592930034608167,-0.016370698385453714,source-designated leader,0.3,0.6759375008846598,FALSE,Does not meet NI criterion,1,0.9999999999999997,FALSE,FALSE,,,,
Pulled_Pork,Pulled Pork,shredded/pulled,Plant-based Leader,651,Plant-based Leader / 651,TRUE,Animal-based (Kirkland),164,Animal-based (Kirkland) / 164,Texture,101,5.128712871287129,5.920792079207921,-0.7920792079207921,1.8778542631587165,0.1868534829637299,-1.1022997742857785,-0.4818586415558056,-1.162791196257758,-0.42136721958382634,-1.1022997742857785,1.1022997742857785,-0.4218001489574835,-0.41862871926607387,-0.528158295281583,0.48514851485148514,49,0.19801980198019803,0.2871287128712871,0.5148514851485149,5.010139859546809e-5,8.041016971375657e-5,2000,-1.1782178217821782,-0.42574257425742573,-0.6447846657810327,-0.22416141004348292,source-designated leader,0.3,0.9951034765928751,FALSE,Does not meet NI criterion,1,0.9999999999999997,FALSE,FALSE,,,,
Steak,Steak,whole-cut-like,Plant-based Leader,923,Plant-based Leader / 923,TRUE,Animal Based,257,Animal Based / 257,Texture,95,4.515789473684211,6.031578947368421,-1.5157894736842106,2.1281455212138303,0.2183431234852367,-1.8785067157440847,-1.1530722316243365,-1.9493148637345228,-1.0822640836338984,-1.8785067157440847,1.8785067157440847,-0.7122583764007124,-0.7065603093895068,-0.7899543378995434,0.3473684210526316,33,0.10526315789473684,0.24210526315789474,0.6526315789473685,4.923087969385165e-10,4.3921318383967905e-9,2000,-1.936842105263158,-1.0947368421052632,-0.9438150298521565,-0.5034386623436736,source-designated leader,0.3,0.9999998785215473,FALSE,Does not meet NI criterion,1,0.9999999999999997,FALSE,FALSE,,,,
Unbreaded_Chicken_Filets,Unbreaded Chicken Filets,whole-muscle-like filet,Plant-based Leader,413,Plant-based Leader / 413,TRUE,Animal-based (Perdue),491,Animal-based (Perdue) / 491,Texture,103,4.718446601941747,5.242718446601942,-0.5242718446601942,2.2089153588652684,0.21765089760767356,-0.8855570938960191,-0.16298659542436927,-0.9559813680869693,-0.09256232123341895,-0.8855570938960191,0.8855570938960191,-0.2373435643679509,-0.23559410320553356,-0.32294709509899383,0.5145631067961165,53,0.27184466019417475,0.24271844660194175,0.4854368932038835,0.017800249945626255,0.01232034351242436,2000,-0.9514563106796117,-0.07766990291262135,-0.44953799487521945,-0.03724918842820028,source-designated leader,0.3,0.8473749770954846,FALSE,Does not meet NI criterion,1,0.9999999999999997,FALSE,FALSE,,,,
Unbreaded_Chicken_StripsandChunks,Unbreaded Chicken Strips and Chunks,whole-muscle-like chunks,Plant-based Leader,702,Plant-based Leader / 702,TRUE,Animal-based (Tyson),674,Animal-based (Tyson) / 674,Texture,98,4.030612244897959,5.795918367346939,-1.7653061224489797,2.195595499185723,0.22178863803098395,-2.133633753986322,-1.3969784909116374,-2.2054951747435365,-1.3251170701544228,-2.133633753986322,2.133633753986322,-0.8040215618512955,-0.7977888365656265,-0.8081918081918081,0.30612244897959184,30,0.09183673469387756,0.21428571428571427,0.6938775510204082,3.2727391558439627e-12,5.969129372248821e-10,2000,-2.173469387755102,-1.3265306122448979,-1.0820059974682366,-0.5707091227501545,source-designated leader,0.3,0.9999999989408326,FALSE,Does not meet NI criterion,1,0.9999999999999997,FALSE,FALSE,,,,
Bacon,Bacon,processed/strip,Plant-based Leader,334,Plant-based Leader / 334,TRUE,Animal-based (Oscar Mayer),674,Animal-based (Oscar Mayer) / 674,Texture,92,4.0978260869565215,6.184782608695652,-2.0869565217391304,1.7456518912891525,0.18199679062989102,-2.389393538721686,-1.784519504756575,-2.448470788823854,-1.7254422546544066,-2.389393538721686,2.389393538721686,-1.1955170055112916,-1.1856366996806198,-0.9213998852553069,0.16304347826086957,15,0.06521739130434782,0.09782608695652174,0.8369565217391305,2.321862396706017e-19,2.0626268355615196e-13,2000,-2.4456521739130435,-1.7173913043478262,-1.5036777852395722,-0.9406527589579684,source-designated leader,0.5,0.9999999999999392,FALSE,Does not meet NI criterion,1,0.9999999999999392,FALSE,FALSE,,,1,FALSE
Bratwurst,Bratwurst,processed/sausage,Plant-based Leader,702,Plant-based Leader / 702,TRUE,Animal-based (Johnsonville),491,Animal-based (Johnsonville) / 491,Texture,106,4.537735849056604,5.7075471698113205,-1.169811320754717,2.11332145758962,0.20526392543730446,-1.5104458573978796,-0.8291767841115543,-1.576811767270932,-0.7628108742385018,-1.5104458573978796,1.5104458573978796,-0.553541590444533,-0.5495782855010161,-0.6362593230063109,0.3867924528301887,41,0.16981132075471697,0.2169811320754717,0.6132075471698113,1.1126058583047301e-7,3.83219856307208e-7,2000,-1.5660377358490567,-0.7547169811320755,-0.7958435477180988,-0.35148005622423817,source-designated leader,0.5,0.9992564356499845,FALSE,Does not meet NI criterion,1,0.9999999999999392,FALSE,FALSE,,,1,FALSE
Breaded_Chicken_Filets,Breaded Chicken Filets,breaded/coated,Plant-based Leader,491,Plant-based Leader / 491,TRUE,Animal-based (Tyson),396,Animal-based (Tyson) / 396,Texture,78,4.448717948717949,5.089743589743589,-0.6410256410256411,1.8999272643245082,0.21512440079398093,-0.9991829294944767,-0.2828683525568054,-1.0693930496619481,-0.212658232389334,-0.9991829294944767,0.9991829294944767,-0.33739483245615115,-0.3340978145494135,-0.41683501683501684,0.48717948717948717,38,0.1794871794871795,0.3076923076923077,0.5128205128205128,0.003857822041214631,0.007147458171302223,2000,-1.064102564102564,-0.23076923076923078,-0.5847036101411047,-0.12327220057858997,source-designated leader,0.5,0.7429674358816054,FALSE,Does not meet NI criterion,1,0.9999999999999392,FALSE,FALSE,,,1,FALSE
Breakfast_Sausages,Breakfast Sausages,processed/sausage,Plant-based Leader,413,Plant-based Leader / 413,TRUE,Animal-based (Jimmy Dean),674,Animal-based (Jimmy Dean) / 674,Texture,104,5.134615384615385,5.490384615384615,-0.3557692307692308,2.268048514193068,0.22240045445472262,-0.724905562664889,0.013367101126427416,-0.7968480778706043,0.08530961633214273,-0.724905562664889,0.724905562664889,-0.1568613848173381,-0.15571641120553273,-0.2056140350877193,0.5769230769230769,60,0.2980769230769231,0.27884615384615385,0.4230769230769231,0.11273295486057038,0.11721267820518834,2000,-0.7790865384615385,0.0673076923076923,-0.3517978223180322,0.03139222981095665,source-designated leader,0.5,0.25904650674763285,FALSE,Does not meet NI criterion,1,0.9999999999999392,FALSE,FALSE,,,1,FALSE
Burgers,Burgers,comminuted/patty,Plant-based Leader,922,Plant-based Leader / 922,TRUE,Animal-based (Bubba),801,Animal-based (Bubba) / 801,Texture,113,5,5.460176991150442,-0.46017699115044247,1.8709976245980593,0.1760086510155534,-0.7521001221547414,-0.16825386014614357,-0.8089155714470597,-0.11143841085382516,-0.7521001221547414,0.7521001221547414,-0.24595273938378243,-0.24430204985771678,-0.3310613437195716,0.5663716814159292,64,0.25663716814159293,0.30973451327433627,0.4336283185840708,0.010164777782118,0.010044564353669261,2000,-0.8141592920353983,-0.10619469026548672,-0.436919355334557,-0.06166719728241875,source-designated leader,0.5,0.4107073691764897,FALSE,Does not meet NI criterion,1,0.9999999999999392,FALSE,FALSE,,,1,FALSE
Chicken_Nuggets,Chicken Nuggets,breaded/coated,Plant-based Leader,206,Plant-based Leader / 206,TRUE,Animal-based (Tyson),801,Animal-based (Tyson) / 801,Texture,97,5.103092783505154,4.670103092783505,0.4329896907216495,2.249570405724008,0.22840926846499512,0.05362897592996568,0.8123504055133333,-0.02039912378768688,0.8863785052309858,0.05362897592996568,0,0.1924766122544606,0.19096896255011758,0.2376897445390596,0.7216494845360825,70,0.4742268041237113,0.24742268041237114,0.27835051546391754,0.06101103086126422,0.07544899138638894,2000,0,0.8762886597938144,0,0.40439622402607456,source-designated leader,0.5,4.573761092266869e-5,TRUE,Meets NI criterion,6.403265529173616e-4,6.403265529173616e-4,TRUE,TRUE,,,0.003110157542741471,TRUE
Deli_Ham,Deli Ham,processed/deli,Plant-based Leader,923,Plant-based Leader / 923,TRUE,Animal-based (Oscar Mayer),674,Animal-based (Oscar Mayer) / 674,Texture,105,4.714285714285714,5.895238095238096,-1.180952380952381,2.0228547629381084,0.1974104110715588,-1.5085820895668451,-0.8533226723379168,-1.5724246342258605,-0.7894801276789015,-1.5085820895668451,1.5085820895668451,-0.5838048299805266,-0.5795845541011493,-0.7394843962008141,0.47619047619047616,50,0.10476190476190476,0.37142857142857144,0.5238095238095238,3.15154125873739e-8,1.3807638821049158e-7,2000,-1.5523809523809524,-0.8095238095238095,-0.7790831925454076,-0.4049771294069125,source-designated leader,0.5,0.9995936873971656,FALSE,Does not meet NI criterion,1,0.9999999999999392,FALSE,FALSE,,,1,FALSE
Deli_Turkey,Deli Turkey,processed/deli,Plant-based Leader,491,Plant-based Leader / 491,TRUE,Animal-based (Oscar Mayer),413,Animal-based (Oscar Mayer) / 413,Texture,102,4.96078431372549,5.5588235294117645,-0.5980392156862745,2.130680195960155,0.21096877608990067,-0.9482643944947966,-0.24781403687775239,-1.0165445174714098,-0.1795339139011392,-0.9482643944947966,0.9482643944947966,-0.28067995226133796,-0.2785905233363156,-0.38541281007034434,0.5098039215686274,52,0.22549019607843138,0.28431372549019607,0.49019607843137253,0.005540201629399922,0.003833047791176749,2000,-1,-0.18627450980392157,-0.4977023635135944,-0.08180310403900858,source-designated leader,0.5,0.6784301537978069,FALSE,Does not meet NI criterion,1,0.9999999999999392,FALSE,FALSE,,,1,FALSE
Hot_Dogs,Hot Dogs,processed/sausage,Plant-based Leader,164,Plant-based Leader / 164,TRUE,Animal-based (Ball Park),801,Animal-based (Ball Park) / 801,Texture,88,4.8977272727272725,5.590909090909091,-0.6931818181818182,2.4038185835570305,0.2562479220016438,-1.119208684177429,-0.2671549521862076,-1.2025023100922756,-0.18386132627136087,-1.119208684177429,1.119208684177429,-0.28836694371340127,-0.2858738577446975,-0.3593350383631714,0.48863636363636365,43,0.26136363636363635,0.22727272727272727,0.5113636363636364,0.008214155563829758,0.009464224830283354,2000,-1.1818181818181819,-0.21562500000000154,-0.507537855807362,-0.09280624804076774,source-designated leader,0.5,0.7735234902115986,FALSE,Does not meet NI criterion,1,0.9999999999999392,FALSE,FALSE,,,1,FALSE
Meatballs,Meatballs,comminuted/meatball,Plant-based Leader,859,Plant-based Leader / 859,TRUE,Animal-based (Cooked Perfect),923,Animal-based (Cooked Perfect) / 923,Texture,99,5.404040404040404,5.787878787878788,-0.3838383838383838,1.8222383113658889,0.18314184113368087,-0.6879547910285768,-0.0797219766481908,-0.7472774071269361,-0.020399360549831436,-0.6879547910285768,0.6879547910285768,-0.21064115568433603,-0.20902498313432832,-0.31201923076923077,0.5858585858585859,58,0.23232323232323232,0.35353535353535354,0.41414141414141414,0.03867206166791033,0.027190688415581466,2000,-0.7272727272727273,-0.030303030303030304,-0.41592930034608167,-0.016370698385453714,source-designated leader,0.5,0.26369079912278603,FALSE,Does not meet NI criterion,1,0.9999999999999392,FALSE,FALSE,,,1,FALSE
Pulled_Pork,Pulled Pork,shredded/pulled,Plant-based Leader,651,Plant-based Leader / 651,TRUE,Animal-based (Kirkland),164,Animal-based (Kirkland) / 164,Texture,101,5.128712871287129,5.920792079207921,-0.7920792079207921,1.8778542631587165,0.1868534829637299,-1.1022997742857785,-0.4818586415558056,-1.162791196257758,-0.42136721958382634,-1.1022997742857785,1.1022997742857785,-0.4218001489574835,-0.41862871926607387,-0.528158295281583,0.48514851485148514,49,0.19801980198019803,0.2871287128712871,0.5148514851485149,5.010139859546809e-5,8.041016971375657e-5,2000,-1.1782178217821782,-0.42574257425742573,-0.6447846657810327,-0.22416141004348292,source-designated leader,0.5,0.9394112211867998,FALSE,Does not meet NI criterion,1,0.9999999999999392,FALSE,FALSE,,,1,FALSE
Steak,Steak,whole-cut-like,Plant-based Leader,923,Plant-based Leader / 923,TRUE,Animal Based,257,Animal Based / 257,Texture,95,4.515789473684211,6.031578947368421,-1.5157894736842106,2.1281455212138303,0.2183431234852367,-1.8785067157440847,-1.1530722316243365,-1.9493148637345228,-1.0822640836338984,-1.8785067157440847,1.8785067157440847,-0.7122583764007124,-0.7065603093895068,-0.7899543378995434,0.3473684210526316,33,0.10526315789473684,0.24210526315789474,0.6526315789473685,4.923087969385165e-10,4.3921318383967905e-9,2000,-1.936842105263158,-1.0947368421052632,-0.9438150298521565,-0.5034386623436736,source-designated leader,0.5,0.9999946352230396,FALSE,Does not meet NI criterion,1,0.9999999999999392,FALSE,FALSE,,,1,FALSE
Unbreaded_Chicken_Filets,Unbreaded Chicken Filets,whole-muscle-like filet,Plant-based Leader,413,Plant-based Leader / 413,TRUE,Animal-based (Perdue),491,Animal-based (Perdue) / 491,Texture,103,4.718446601941747,5.242718446601942,-0.5242718446601942,2.2089153588652684,0.21765089760767356,-0.8855570938960191,-0.16298659542436927,-0.9559813680869693,-0.09256232123341895,-0.8855570938960191,0.8855570938960191,-0.2373435643679509,-0.23559410320553356,-0.32294709509899383,0.5145631067961165,53,0.27184466019417475,0.24271844660194175,0.4854368932038835,0.017800249945626255,0.01232034351242436,2000,-0.9514563106796117,-0.07766990291262135,-0.44953799487521945,-0.03724918842820028,source-designated leader,0.5,0.5442873577078136,FALSE,Does not meet NI criterion,1,0.9999999999999392,FALSE,FALSE,,,1,FALSE
Unbreaded_Chicken_StripsandChunks,Unbreaded Chicken Strips and Chunks,whole-muscle-like chunks,Plant-based Leader,702,Plant-based Leader / 702,TRUE,Animal-based (Tyson),674,Animal-based (Tyson) / 674,Texture,98,4.030612244897959,5.795918367346939,-1.7653061224489797,2.195595499185723,0.22178863803098395,-2.133633753986322,-1.3969784909116374,-2.2054951747435365,-1.3251170701544228,-2.133633753986322,2.133633753986322,-0.8040215618512955,-0.7977888365656265,-0.8081918081918081,0.30612244897959184,30,0.09183673469387756,0.21428571428571427,0.6938775510204082,3.2727391558439627e-12,5.969129372248821e-10,2000,-2.173469387755102,-1.3265306122448979,-1.0820059974682366,-0.5707091227501545,source-designated leader,0.5,0.9999999369309197,FALSE,Does not meet NI criterion,1,0.9999999999999392,FALSE,FALSE,,,1,FALSE
Bacon,Bacon,processed/strip,Plant-based Leader,334,Plant-based Leader / 334,TRUE,Animal-based (Oscar Mayer),674,Animal-based (Oscar Mayer) / 674,Texture,92,4.0978260869565215,6.184782608695652,-2.0869565217391304,1.7456518912891525,0.18199679062989102,-2.389393538721686,-1.784519504756575,-2.448470788823854,-1.7254422546544066,-2.389393538721686,2.389393538721686,-1.1955170055112916,-1.1856366996806198,-0.9213998852553069,0.16304347826086957,15,0.06521739130434782,0.09782608695652174,0.8369565217391305,2.321862396706017e-19,2.0626268355615196e-13,2000,-2.4456521739130435,-1.7173913043478262,-1.5036777852395722,-0.9406527589579684,source-designated leader,0.7,0.9999999999884077,FALSE,Does not meet NI criterion,1,0.9999999999884077,FALSE,FALSE,,,,
Bratwurst,Bratwurst,processed/sausage,Plant-based Leader,702,Plant-based Leader / 702,TRUE,Animal-based (Johnsonville),491,Animal-based (Johnsonville) / 491,Texture,106,4.537735849056604,5.7075471698113205,-1.169811320754717,2.11332145758962,0.20526392543730446,-1.5104458573978796,-0.8291767841115543,-1.576811767270932,-0.7628108742385018,-1.5104458573978796,1.5104458573978796,-0.553541590444533,-0.5495782855010161,-0.6362593230063109,0.3867924528301887,41,0.16981132075471697,0.2169811320754717,0.6132075471698113,1.1126058583047301e-7,3.83219856307208e-7,2000,-1.5660377358490567,-0.7547169811320755,-0.7958435477180988,-0.35148005622423817,source-designated leader,0.7,0.9879539986206669,FALSE,Does not meet NI criterion,1,0.9999999999884077,FALSE,FALSE,,,,
Breaded_Chicken_Filets,Breaded Chicken Filets,breaded/coated,Plant-based Leader,491,Plant-based Leader / 491,TRUE,Animal-based (Tyson),396,Animal-based (Tyson) / 396,Texture,78,4.448717948717949,5.089743589743589,-0.6410256410256411,1.8999272643245082,0.21512440079398093,-0.9991829294944767,-0.2828683525568054,-1.0693930496619481,-0.212658232389334,-0.9991829294944767,0.9991829294944767,-0.33739483245615115,-0.3340978145494135,-0.41683501683501684,0.48717948717948717,38,0.1794871794871795,0.3076923076923077,0.5128205128205128,0.003857822041214631,0.007147458171302223,2000,-1.064102564102564,-0.23076923076923078,-0.5847036101411047,-0.12327220057858997,source-designated leader,0.7,0.39235529038586114,FALSE,Does not meet NI criterion,1,0.7847105807717223,FALSE,FALSE,,,,
Breakfast_Sausages,Breakfast Sausages,processed/sausage,Plant-based Leader,413,Plant-based Leader / 413,TRUE,Animal-based (Jimmy Dean),674,Animal-based (Jimmy Dean) / 674,Texture,104,5.134615384615385,5.490384615384615,-0.3557692307692308,2.268048514193068,0.22240045445472262,-0.724905562664889,0.013367101126427416,-0.7968480778706043,0.08530961633214273,-0.724905562664889,0.724905562664889,-0.1568613848173381,-0.15571641120553273,-0.2056140350877193,0.5769230769230769,60,0.2980769230769231,0.27884615384615385,0.4230769230769231,0.11273295486057038,0.11721267820518834,2000,-0.7790865384615385,0.0673076923076923,-0.3517978223180322,0.03139222981095665,source-designated leader,0.7,0.062369171312839776,FALSE,Does not meet NI criterion,0.7484300557540773,0.2910561327932523,FALSE,FALSE,,,,
Burgers,Burgers,comminuted/patty,Plant-based Leader,922,Plant-based Leader / 922,TRUE,Animal-based (Bubba),801,Animal-based (Bubba) / 801,Texture,113,5,5.460176991150442,-0.46017699115044247,1.8709976245980593,0.1760086510155534,-0.7521001221547414,-0.16825386014614357,-0.8089155714470597,-0.11143841085382516,-0.7521001221547414,0.7521001221547414,-0.24595273938378243,-0.24430204985771678,-0.3310613437195716,0.5663716814159292,64,0.25663716814159293,0.30973451327433627,0.4336283185840708,0.010164777782118,0.010044564353669261,2000,-0.8141592920353983,-0.10619469026548672,-0.436919355334557,-0.06166719728241875,source-designated leader,0.7,0.08787682528443214,FALSE,Does not meet NI criterion,0.9666450781287534,0.30756888849551245,FALSE,FALSE,,,,
Chicken_Nuggets,Chicken Nuggets,breaded/coated,Plant-based Leader,206,Plant-based Leader / 206,TRUE,Animal-based (Tyson),801,Animal-based (Tyson) / 801,Texture,97,5.103092783505154,4.670103092783505,0.4329896907216495,2.249570405724008,0.22840926846499512,0.05362897592996568,0.8123504055133333,-0.02039912378768688,0.8863785052309858,0.05362897592996568,0,0.1924766122544606,0.19096896255011758,0.2376897445390596,0.7216494845360825,70,0.4742268041237113,0.24742268041237114,0.27835051546391754,0.06101103086126422,0.07544899138638894,2000,0,0.8762886597938144,0,0.40439622402607456,source-designated leader,0.7,1.51853504508952e-6,TRUE,Meets NI criterion,2.125949063125328e-5,2.125949063125328e-5,TRUE,TRUE,,,,
Deli_Ham,Deli Ham,processed/deli,Plant-based Leader,923,Plant-based Leader / 923,TRUE,Animal-based (Oscar Mayer),674,Animal-based (Oscar Mayer) / 674,Texture,105,4.714285714285714,5.895238095238096,-1.180952380952381,2.0228547629381084,0.1974104110715588,-1.5085820895668451,-0.8533226723379168,-1.5724246342258605,-0.7894801276789015,-1.5085820895668451,1.5085820895668451,-0.5838048299805266,-0.5795845541011493,-0.7394843962008141,0.47619047619047616,50,0.10476190476190476,0.37142857142857144,0.5238095238095238,3.15154125873739e-8,1.3807638821049158e-7,2000,-1.5523809523809524,-0.8095238095238095,-0.7790831925454076,-0.4049771294069125,source-designated leader,0.7,0.9917313979420962,FALSE,Does not meet NI criterion,1,0.9999999999884077,FALSE,FALSE,,,,
Deli_Turkey,Deli Turkey,processed/deli,Plant-based Leader,491,Plant-based Leader / 491,TRUE,Animal-based (Oscar Mayer),413,Animal-based (Oscar Mayer) / 413,Texture,102,4.96078431372549,5.5588235294117645,-0.5980392156862745,2.130680195960155,0.21096877608990067,-0.9482643944947966,-0.24781403687775239,-1.0165445174714098,-0.1795339139011392,-0.9482643944947966,0.9482643944947966,-0.28067995226133796,-0.2785905233363156,-0.38541281007034434,0.5098039215686274,52,0.22549019607843138,0.28431372549019607,0.49019607843137253,0.005540201629399922,0.003833047791176749,2000,-1,-0.18627450980392157,-0.4977023635135944,-0.08180310403900858,source-designated leader,0.7,0.31496511723678167,FALSE,Does not meet NI criterion,1,0.7349186068858239,FALSE,FALSE,,,,
Hot_Dogs,Hot Dogs,processed/sausage,Plant-based Leader,164,Plant-based Leader / 164,TRUE,Animal-based (Ball Park),801,Animal-based (Ball Park) / 801,Texture,88,4.8977272727272725,5.590909090909091,-0.6931818181818182,2.4038185835570305,0.2562479220016438,-1.119208684177429,-0.2671549521862076,-1.2025023100922756,-0.18386132627136087,-1.119208684177429,1.119208684177429,-0.28836694371340127,-0.2858738577446975,-0.3593350383631714,0.48863636363636365,43,0.26136363636363635,0.22727272727272727,0.5113636363636364,0.008214155563829758,0.009464224830283354,2000,-1.1818181818181819,-0.21562500000000154,-0.507537855807362,-0.09280624804076774,source-designated leader,0.7,0.48941676315427324,FALSE,Does not meet NI criterion,1,0.8564793355199781,FALSE,FALSE,,,,
Meatballs,Meatballs,comminuted/meatball,Plant-based Leader,859,Plant-based Leader / 859,TRUE,Animal-based (Cooked Perfect),923,Animal-based (Cooked Perfect) / 923,Texture,99,5.404040404040404,5.787878787878788,-0.3838383838383838,1.8222383113658889,0.18314184113368087,-0.6879547910285768,-0.0797219766481908,-0.7472774071269361,-0.020399360549831436,-0.6879547910285768,0.6879547910285768,-0.21064115568433603,-0.20902498313432832,-0.31201923076923077,0.5858585858585859,58,0.23232323232323232,0.35353535353535354,0.41414141414141414,0.03867206166791033,0.027190688415581466,2000,-0.7272727272727273,-0.030303030303030304,-0.41592930034608167,-0.016370698385453714,source-designated leader,0.7,0.04372045673680411,TRUE,Meets NI criterion,0.5683659375784534,0.2910561327932523,FALSE,FALSE,,,,
Pulled_Pork,Pulled Pork,shredded/pulled,Plant-based Leader,651,Plant-based Leader / 651,TRUE,Animal-based (Kirkland),164,Animal-based (Kirkland) / 164,Texture,101,5.128712871287129,5.920792079207921,-0.7920792079207921,1.8778542631587165,0.1868534829637299,-1.1022997742857785,-0.4818586415558056,-1.162791196257758,-0.42136721958382634,-1.1022997742857785,1.1022997742857785,-0.4218001489574835,-0.41862871926607387,-0.528158295281583,0.48514851485148514,49,0.19801980198019803,0.2871287128712871,0.5148514851485149,5.010139859546809e-5,8.041016971375657e-5,2000,-1.1782178217821782,-0.42574257425742573,-0.6447846657810327,-0.22416141004348292,source-designated leader,0.7,0.6883787491193807,FALSE,Does not meet NI criterion,1,0.9999999999884077,FALSE,FALSE,,,,
Steak,Steak,whole-cut-like,Plant-based Leader,923,Plant-based Leader / 923,TRUE,Animal Based,257,Animal Based / 257,Texture,95,4.515789473684211,6.031578947368421,-1.5157894736842106,2.1281455212138303,0.2183431234852367,-1.8785067157440847,-1.1530722316243365,-1.9493148637345228,-1.0822640836338984,-1.8785067157440847,1.8785067157440847,-0.7122583764007124,-0.7065603093895068,-0.7899543378995434,0.3473684210526316,33,0.10526315789473684,0.24210526315789474,0.6526315789473685,4.923087969385165e-10,4.3921318383967905e-9,2000,-1.936842105263158,-1.0947368421052632,-0.9438150298521565,-0.5034386623436736,source-designated leader,0.7,0.9998398105451742,FALSE,Does not meet NI criterion,1,0.9999999999884077,FALSE,FALSE,,,,
Unbreaded_Chicken_Filets,Unbreaded Chicken Filets,whole-muscle-like filet,Plant-based Leader,413,Plant-based Leader / 413,TRUE,Animal-based (Perdue),491,Animal-based (Perdue) / 491,Texture,103,4.718446601941747,5.242718446601942,-0.5242718446601942,2.2089153588652684,0.21765089760767356,-0.8855570938960191,-0.16298659542436927,-0.9559813680869693,-0.09256232123341895,-0.8855570938960191,0.8855570938960191,-0.2373435643679509,-0.23559410320553356,-0.32294709509899383,0.5145631067961165,53,0.27184466019417475,0.24271844660194175,0.4854368932038835,0.017800249945626255,0.01232034351242436,2000,-0.9514563106796117,-0.07766990291262135,-0.44953799487521945,-0.03724918842820028,source-designated leader,0.7,0.21066163523241,FALSE,Does not meet NI criterion,1,0.5898525786507479,FALSE,FALSE,,,,
Unbreaded_Chicken_StripsandChunks,Unbreaded Chicken Strips and Chunks,whole-muscle-like chunks,Plant-based Leader,702,Plant-based Leader / 702,TRUE,Animal-based (Tyson),674,Animal-based (Tyson) / 674,Texture,98,4.030612244897959,5.795918367346939,-1.7653061224489797,2.195595499185723,0.22178863803098395,-2.133633753986322,-1.3969784909116374,-2.2054951747435365,-1.3251170701544228,-2.133633753986322,2.133633753986322,-0.8040215618512955,-0.7977888365656265,-0.8081918081918081,0.30612244897959184,30,0.09183673469387756,0.21428571428571427,0.6938775510204082,3.2727391558439627e-12,5.969129372248821e-10,2000,-2.173469387755102,-1.3265306122448979,-1.0820059974682366,-0.5707091227501545,source-designated leader,0.7,0.999997159470696,FALSE,Does not meet NI criterion,1,0.9999999999884077,FALSE,FALSE,,,,
Bacon,Bacon,processed/strip,Plant-based Leader,334,Plant-based Leader / 334,TRUE,Animal-based (Oscar Mayer),674,Animal-based (Oscar Mayer) / 674,Texture,92,4.0978260869565215,6.184782608695652,-2.0869565217391304,1.7456518912891525,0.18199679062989102,-2.389393538721686,-1.784519504756575,-2.448470788823854,-1.7254422546544066,-2.389393538721686,2.389393538721686,-1.1955170055112916,-1.1856366996806198,-0.9213998852553069,0.16304347826086957,15,0.06521739130434782,0.09782608695652174,0.8369565217391305,2.321862396706017e-19,2.0626268355615196e-13,2000,-2.4456521739130435,-1.7173913043478262,-1.5036777852395722,-0.9406527589579684,source-designated leader,1,0.9999999776650155,FALSE,Does not meet NI criterion,1,0.9999999776650155,FALSE,FALSE,,,,
Bratwurst,Bratwurst,processed/sausage,Plant-based Leader,702,Plant-based Leader / 702,TRUE,Animal-based (Johnsonville),491,Animal-based (Johnsonville) / 491,Texture,106,4.537735849056604,5.7075471698113205,-1.169811320754717,2.11332145758962,0.20526392543730446,-1.5104458573978796,-0.8291767841115543,-1.576811767270932,-0.7628108742385018,-1.5104458573978796,1.5104458573978796,-0.553541590444533,-0.5495782855010161,-0.6362593230063109,0.3867924528301887,41,0.16981132075471697,0.2169811320754717,0.6132075471698113,1.1126058583047301e-7,3.83219856307208e-7,2000,-1.5660377358490567,-0.7547169811320755,-0.7958435477180988,-0.35148005622423817,source-designated leader,1,0.7950235188649231,FALSE,Does not meet NI criterion,1,0.9999999776650155,FALSE,FALSE,,,,
Breaded_Chicken_Filets,Breaded Chicken Filets,breaded/coated,Plant-based Leader,491,Plant-based Leader / 491,TRUE,Animal-based (Tyson),396,Animal-based (Tyson) / 396,Texture,78,4.448717948717949,5.089743589743589,-0.6410256410256411,1.8999272643245082,0.21512440079398093,-0.9991829294944767,-0.2828683525568054,-1.0693930496619481,-0.212658232389334,-0.9991829294944767,0.9991829294944767,-0.33739483245615115,-0.3340978145494135,-0.41683501683501684,0.48717948717948717,38,0.1794871794871795,0.3076923076923077,0.5128205128205128,0.003857822041214631,0.007147458171302223,2000,-1.064102564102564,-0.23076923076923078,-0.5847036101411047,-0.12327220057858997,source-designated leader,1,0.04962092037597575,TRUE,Meets NI criterion,0.396967363007806,0.0992418407519515,FALSE,FALSE,,,,
Breakfast_Sausages,Breakfast Sausages,processed/sausage,Plant-based Leader,413,Plant-based Leader / 413,TRUE,Animal-based (Jimmy Dean),674,Animal-based (Jimmy Dean) / 674,Texture,104,5.134615384615385,5.490384615384615,-0.3557692307692308,2.268048514193068,0.22240045445472262,-0.724905562664889,0.013367101126427416,-0.7968480778706043,0.08530961633214273,-0.724905562664889,0.724905562664889,-0.1568613848173381,-0.15571641120553273,-0.2056140350877193,0.5769230769230769,60,0.2980769230769231,0.27884615384615385,0.4230769230769231,0.11273295486057038,0.11721267820518834,2000,-0.7790865384615385,0.0673076923076923,-0.3517978223180322,0.03139222981095665,source-designated leader,1,0.0023031596073910944,TRUE,Meets NI criterion,0.02533475568130204,0.00806105862586883,TRUE,TRUE,,,,
Burgers,Burgers,comminuted/patty,Plant-based Leader,922,Plant-based Leader / 922,TRUE,Animal-based (Bubba),801,Animal-based (Bubba) / 801,Texture,113,5,5.460176991150442,-0.46017699115044247,1.8709976245980593,0.1760086510155534,-0.7521001221547414,-0.16825386014614357,-0.8089155714470597,-0.11143841085382516,-0.7521001221547414,0.7521001221547414,-0.24595273938378243,-0.24430204985771678,-0.3310613437195716,0.5663716814159292,64,0.25663716814159293,0.30973451327433627,0.4336283185840708,0.010164777782118,0.010044564353669261,2000,-0.8141592920353983,-0.10619469026548672,-0.436919355334557,-0.06166719728241875,source-designated leader,1,0.0013554693335735004,TRUE,Meets NI criterion,0.016265632002882006,0.006325523556676336,TRUE,TRUE,,,,
Chicken_Nuggets,Chicken Nuggets,breaded/coated,Plant-based Leader,206,Plant-based Leader / 206,TRUE,Animal-based (Tyson),801,Animal-based (Tyson) / 801,Texture,97,5.103092783505154,4.670103092783505,0.4329896907216495,2.249570405724008,0.22840926846499512,0.05362897592996568,0.8123504055133333,-0.02039912378768688,0.8863785052309858,0.05362897592996568,0,0.1924766122544606,0.19096896255011758,0.2376897445390596,0.7216494845360825,70,0.4742268041237113,0.24742268041237114,0.27835051546391754,0.06101103086126422,0.07544899138638894,2000,0,0.8762886597938144,0,0.40439622402607456,source-designated leader,1,5.059103591480264e-9,TRUE,Meets NI criterion,7.082745028072369e-8,7.082745028072369e-8,TRUE,TRUE,,,,
Deli_Ham,Deli Ham,processed/deli,Plant-based Leader,923,Plant-based Leader / 923,TRUE,Animal-based (Oscar Mayer),674,Animal-based (Oscar Mayer) / 674,Texture,105,4.714285714285714,5.895238095238096,-1.180952380952381,2.0228547629381084,0.1974104110715588,-1.5085820895668451,-0.8533226723379168,-1.5724246342258605,-0.7894801276789015,-1.5085820895668451,1.5085820895668451,-0.5838048299805266,-0.5795845541011493,-0.7394843962008141,0.47619047619047616,50,0.10476190476190476,0.37142857142857144,0.5238095238095238,3.15154125873739e-8,1.3807638821049158e-7,2000,-1.5523809523809524,-0.8095238095238095,-0.7790831925454076,-0.4049771294069125,source-designated leader,1,0.8192714797872112,FALSE,Does not meet NI criterion,1,0.9999999776650155,FALSE,FALSE,,,,
Deli_Turkey,Deli Turkey,processed/deli,Plant-based Leader,491,Plant-based Leader / 491,TRUE,Animal-based (Oscar Mayer),413,Animal-based (Oscar Mayer) / 413,Texture,102,4.96078431372549,5.5588235294117645,-0.5980392156862745,2.130680195960155,0.21096877608990067,-0.9482643944947966,-0.24781403687775239,-1.0165445174714098,-0.1795339139011392,-0.9482643944947966,0.9482643944947966,-0.28067995226133796,-0.2785905233363156,-0.38541281007034434,0.5098039215686274,52,0.22549019607843138,0.28431372549019607,0.49019607843137253,0.005540201629399922,0.003833047791176749,2000,-1,-0.18627450980392157,-0.4977023635135944,-0.08180310403900858,source-designated leader,1,0.02979199257091158,TRUE,Meets NI criterion,0.2681279331382042,0.06951464933212703,FALSE,FALSE,,,,
Hot_Dogs,Hot Dogs,processed/sausage,Plant-based Leader,164,Plant-based Leader / 164,TRUE,Animal-based (Ball Park),801,Animal-based (Ball Park) / 801,Texture,88,4.8977272727272725,5.590909090909091,-0.6931818181818182,2.4038185835570305,0.2562479220016438,-1.119208684177429,-0.2671549521862076,-1.2025023100922756,-0.18386132627136087,-1.119208684177429,1.119208684177429,-0.28836694371340127,-0.2858738577446975,-0.3593350383631714,0.48863636363636365,43,0.26136363636363635,0.22727272727272727,0.5113636363636364,0.008214155563829758,0.009464224830283354,2000,-1.1818181818181819,-0.21562500000000154,-0.507537855807362,-0.09280624804076774,source-designated leader,1,0.11721139544613786,FALSE,Does not meet NI criterion,0.820479768122965,0.20511994203074124,FALSE,FALSE,,,,
Meatballs,Meatballs,comminuted/meatball,Plant-based Leader,859,Plant-based Leader / 859,TRUE,Animal-based (Cooked Perfect),923,Animal-based (Cooked Perfect) / 923,Texture,99,5.404040404040404,5.787878787878788,-0.3838383838383838,1.8222383113658889,0.18314184113368087,-0.6879547910285768,-0.0797219766481908,-0.7472774071269361,-0.020399360549831436,-0.6879547910285768,0.6879547910285768,-0.21064115568433603,-0.20902498313432832,-0.31201923076923077,0.5858585858585859,58,0.23232323232323232,0.35353535353535354,0.41414141414141414,0.03867206166791033,0.027190688415581466,2000,-0.7272727272727273,-0.030303030303030304,-0.41592930034608167,-0.016370698385453714,source-designated leader,1,5.480397538247872e-4,TRUE,Meets NI criterion,0.007124516799722233,0.00383627827677351,TRUE,TRUE,,,,
Pulled_Pork,Pulled Pork,shredded/pulled,Plant-based Leader,651,Plant-based Leader / 651,TRUE,Animal-based (Kirkland),164,Animal-based (Kirkland) / 164,Texture,101,5.128712871287129,5.920792079207921,-0.7920792079207921,1.8778542631587165,0.1868534829637299,-1.1022997742857785,-0.4818586415558056,-1.162791196257758,-0.42136721958382634,-1.1022997742857785,1.1022997742857785,-0.4218001489574835,-0.41862871926607387,-0.528158295281583,0.48514851485148514,49,0.19801980198019803,0.2871287128712871,0.5148514851485149,5.010139859546809e-5,8.041016971375657e-5,2000,-1.1782178217821782,-0.42574257425742573,-0.6447846657810327,-0.22416141004348292,source-designated leader,1,0.13424228381528935,FALSE,Does not meet NI criterion,0.820479768122965,0.208821330379339,FALSE,FALSE,,,,
Steak,Steak,whole-cut-like,Plant-based Leader,923,Plant-based Leader / 923,TRUE,Animal Based,257,Animal Based / 257,Texture,95,4.515789473684211,6.031578947368421,-1.5157894736842106,2.1281455212138303,0.2183431234852367,-1.8785067157440847,-1.1530722316243365,-1.9493148637345228,-1.0822640836338984,-1.8785067157440847,1.8785067157440847,-0.7122583764007124,-0.7065603093895068,-0.7899543378995434,0.3473684210526316,33,0.10526315789473684,0.24210526315789474,0.6526315789473685,4.923087969385165e-10,4.3921318383967905e-9,2000,-1.936842105263158,-1.0947368421052632,-0.9438150298521565,-0.5034386623436736,source-designated leader,1,0.9898878068842659,FALSE,Does not meet NI criterion,1,0.9999999776650155,FALSE,FALSE,,,,
Unbreaded_Chicken_Filets,Unbreaded Chicken Filets,whole-muscle-like filet,Plant-based Leader,413,Plant-based Leader / 413,TRUE,Animal-based (Perdue),491,Animal-based (Perdue) / 491,Texture,103,4.718446601941747,5.242718446601942,-0.5242718446601942,2.2089153588652684,0.21765089760767356,-0.8855570938960191,-0.16298659542436927,-0.9559813680869693,-0.09256232123341895,-0.8855570938960191,0.8855570938960191,-0.2373435643679509,-0.23559410320553356,-0.32294709509899383,0.5145631067961165,53,0.27184466019417475,0.24271844660194175,0.4854368932038835,0.017800249945626255,0.01232034351242436,2000,-0.9514563106796117,-0.07766990291262135,-0.44953799487521945,-0.03724918842820028,source-designated leader,1,0.015561130044908554,TRUE,Meets NI criterion,0.15561130044908553,0.043571164125743946,FALSE,TRUE,,,,
Unbreaded_Chicken_StripsandChunks,Unbreaded Chicken Strips and Chunks,whole-muscle-like chunks,Plant-based Leader,702,Plant-based Leader / 702,TRUE,Animal-based (Tyson),674,Animal-based (Tyson) / 674,Texture,98,4.030612244897959,5.795918367346939,-1.7653061224489797,2.195595499185723,0.22178863803098395,-2.133633753986322,-1.3969784909116374,-2.2054951747435365,-1.3251170701544228,-2.133633753986322,2.133633753986322,-0.8040215618512955,-0.7977888365656265,-0.8081918081918081,0.30612244897959184,30,0.09183673469387756,0.21428571428571427,0.6938775510204082,3.2727391558439627e-12,5.969129372248821e-10,2000,-2.173469387755102,-1.3265306122448979,-1.0820059974682366,-0.5707091227501545,source-designated leader,1,0.9995851398377016,FALSE,Does not meet NI criterion,1,0.9999999776650155,FALSE,FALSE,,,,
Bacon,Bacon,processed/strip,Plant-based Leader,334,Plant-based Leader / 334,TRUE,Animal-based (Oscar Mayer),674,Animal-based (Oscar Mayer) / 674,Appearance,92,3.5217391304347827,6.293478260869565,-2.7717391304347827,2.0278460443413557,0.21141756486689733,-3.1230667414039774,-2.420411519465588,-3.191694151329204,-2.3517841095403615,-3.1230667414039774,3.1230667414039774,-1.3668390350289354,-1.3555428446567954,-0.9534883720930233,0.14130434782608695,13,0.07608695652173914,0.06521739130434782,0.8586956521739131,1.1182819308164275e-22,1.2693723066629197e-14,2000,-3.1956521739130435,-2.380163043478263,-1.7074012633161448,-1.1249524793585968,source-designated leader,0.3,1,FALSE,Does not meet NI criterion,1,1,FALSE,FALSE,,,,
Bratwurst,Bratwurst,processed/sausage,Plant-based Leader,702,Plant-based Leader / 702,TRUE,Animal-based (Johnsonville),491,Animal-based (Johnsonville) / 491,Appearance,106,5.415094339622642,5.471698113207547,-0.05660377358490566,2.022870137673298,0.19647851661067667,-0.38265896483893813,0.26945141766912684,-0.44618437729314936,0.33297683012333806,-0.38265896483893813,0.38265896483893813,-0.027981911705914665,-0.027781563889404535,-0.013279678068410463,0.660377358490566,70,0.32075471698113206,0.33962264150943394,0.33962264150943394,0.7738446610709062,0.9242808522115064,2000,-0.4528301886792453,0.330188679245283,-0.2201796116505681,0.1671899541918397,source-designated leader,0.3,0.1090921603646364,FALSE,Does not meet NI criterion,1,0.5090967483683032,FALSE,FALSE,,,,
Breaded_Chicken_Filets,Breaded Chicken Filets,breaded/coated,Plant-based Leader,491,Plant-based Leader / 491,TRUE,Animal-based (Tyson),396,Animal-based (Tyson) / 396,Appearance,78,4.423076923076923,5.166666666666667,-0.7435897435897436,1.7089215664894981,0.19349726428904654,-1.0657403469063416,-0.4214391402731457,-1.1288920216009355,-0.35828746557855173,-1.0657403469063416,1.0657403469063416,-0.435122218696813,-0.4308702100450526,-0.5375939849624061,0.5,39,0.21794871794871795,0.28205128205128205,0.5,2.484261820620602e-4,3.8965972623262606e-4,2000,-1.1153846153846154,-0.3717948717948718,-0.6696745410166952,-0.22823384727990523,source-designated leader,0.3,0.987695423145073,FALSE,Does not meet NI criterion,1,1,FALSE,FALSE,,,,
Breakfast_Sausages,Breakfast Sausages,processed/sausage,Plant-based Leader,413,Plant-based Leader / 413,TRUE,Animal-based (Jimmy Dean),674,Animal-based (Jimmy Dean) / 674,Appearance,104,5,5.346153846153846,-0.34615384615384615,1.914529173630972,0.18773503107090375,-0.6577531228178208,-0.0345545694898714,-0.7184820019947004,0.026174309687008068,-0.6577531228178208,0.6577531228178208,-0.18080364139730146,-0.17948390678856202,-0.2234283129805518,0.625,65,0.25961538461538464,0.36538461538461536,0.375,0.06808073480499116,0.10874289900744591,2000,-0.7211538461538461,2.4038461538330362e-4,-0.3745456487829613,1.2985056510237425e-4,source-designated leader,0.3,0.5968545393218165,FALSE,Does not meet NI criterion,1,1,FALSE,FALSE,,,,
Burgers,Burgers,comminuted/patty,Plant-based Leader,922,Plant-based Leader / 922,TRUE,Animal-based (Bubba),801,Animal-based (Bubba) / 801,Appearance,113,5.079646017699115,5.566371681415929,-0.48672566371681414,1.8903658198867772,0.177830657564656,-0.7816707249129271,-0.19178060252070123,-0.8390743164363433,-0.13437701099728494,-0.7816707249129271,0.7816707249129271,-0.2574769701168033,-0.2557489367603147,-0.32128876844324,0.5663716814159292,64,0.2831858407079646,0.2831858407079646,0.4336283185840708,0.0072125878737719544,0.01076005744940167,2000,-0.8407079646017699,-0.1415929203539823,-0.43969012965316684,-0.07771888186502807,source-designated leader,0.3,0.8520152244555029,FALSE,Does not meet NI criterion,1,1,FALSE,FALSE,,,,
Chicken_Nuggets,Chicken Nuggets,breaded/coated,Plant-based Leader,206,Plant-based Leader / 206,TRUE,Animal-based (Tyson),801,Animal-based (Tyson) / 801,Appearance,97,5.402061855670103,5.237113402061856,0.16494845360824742,1.8856940166417842,0.19146321884126466,-0.15304925307006198,0.4829461602865568,-0.21510303202525385,0.5449999392417487,-0.15304925307006198,0.15304925307006198,0.0874736050242142,0.08678843318329345,0.1258741258741259,0.7216494845360825,70,0.3917525773195876,0.32989690721649484,0.27835051546391754,0.391101193889261,0.3732228523395271,2000,-0.21649484536082475,0.5260309278350502,-0.114208303643136,0.29923698226003465,source-designated leader,0.3,0.008513971665414321,TRUE,Meets NI criterion,0.11068163165038618,0.05959780165790025,FALSE,FALSE,,,,
Deli_Ham,Deli Ham,processed/deli,Plant-based Leader,923,Plant-based Leader / 923,TRUE,Animal-based (Oscar Mayer),674,Animal-based (Oscar Mayer) / 674,Appearance,105,5.228571428571429,6,-0.7714285714285715,1.5887655032054995,0.155047637047636,-1.028751434349233,-0.5141057085079099,-1.078893854086662,-0.46396328877048093,-1.028751434349233,1.028751434349233,-0.4855521912278018,-0.4820421753876008,-0.6475961538461539,0.5238095238095238,55,0.13333333333333333,0.3904761904761905,0.47619047619047616,2.586152259992362e-6,4.6457800854402065e-6,2000,-1.0954761904761907,-0.4666666666666667,-0.6789960317663454,-0.315824390058772,source-designated leader,0.3,0.9985058845700938,FALSE,Does not meet NI criterion,1,1,FALSE,FALSE,,,,
Deli_Turkey,Deli Turkey,processed/deli,Plant-based Leader,491,Plant-based Leader / 491,TRUE,Animal-based (Oscar Mayer),413,Animal-based (Oscar Mayer) / 413,Appearance,102,4.480392156862745,5.764705882352941,-1.2843137254901962,2.2177387956989794,0.21958886195253932,-1.6488489418717711,-0.9197785091086212,-1.719918958849187,-0.8487084921312052,-1.6488489418717711,1.6488489418717711,-0.5791095542815765,-0.5747985650437484,-0.6528154170430593,0.4019607843137255,41,0.19607843137254902,0.20588235294117646,0.5980392156862745,6.139779565098917e-8,2.7448227321790727e-7,2000,-1.7156862745098038,-0.8625000000000014,-0.804764484876183,-0.3793008903279638,source-designated leader,0.3,0.9999902433386376,FALSE,Does not meet NI criterion,1,1,FALSE,FALSE,,,,
Hot_Dogs,Hot Dogs,processed/sausage,Plant-based Leader,164,Plant-based Leader / 164,TRUE,Animal-based (Ball Park),801,Animal-based (Ball Park) / 801,Appearance,88,5.318181818181818,5.795454545454546,-0.4772727272727273,1.7615123643682895,0.18777784897629218,-0.7894641701452032,-0.16508128440025144,-0.8505015349969873,-0.1040439195484672,-0.7894641701452032,0.7894641701452032,-0.270944863588219,-0.2686024007906263,-0.41001451378809867,0.6136363636363636,54,0.20454545454545456,0.4090909090909091,0.38636363636363635,0.012803348825182689,0.008992392727756324,2000,-0.8409090909090909,-0.09090909090909091,-0.48003165598228587,-0.052665145146080915,source-designated leader,0.3,0.8261221777142139,FALSE,Does not meet NI criterion,1,1,FALSE,FALSE,,,,
Meatballs,Meatballs,comminuted/meatball,Plant-based Leader,859,Plant-based Leader / 859,TRUE,Animal-based (Cooked Perfect),923,Animal-based (Cooked Perfect) / 923,Appearance,99,5.878787878787879,5.858585858585859,0.020202020202020204,1.049584932342285,0.10548725473302781,-0.1549649690298322,0.1953690094338726,-0.18913400368111927,0.22953804408515965,-0.1549649690298322,0.1549649690298322,0.01924762787603741,0.019099947866758348,0.03346938775510204,0.7474747474747475,74,0.24242424242424243,0.5050505050505051,0.25252525252525254,0.8485211220389576,0.8364337278347163,2000,-0.20202020202020202,0.2224747474747461,-0.1911177165791389,0.21670124882997865,source-designated leader,0.3,0.0015380788146462472,TRUE,Meets NI criterion,0.02153310340504746,0.02153310340504746,TRUE,TRUE,,,,
Pulled_Pork,Pulled Pork,shredded/pulled,Plant-based Leader,651,Plant-based Leader / 651,TRUE,Animal-based (Kirkland),164,Animal-based (Kirkland) / 164,Appearance,101,5.267326732673268,5.782178217821782,-0.5148514851485149,1.9473770122199687,0.19377125505188814,-0.8365571741942968,-0.19314579610273297,-0.8992881362800238,-0.13041483401700593,-0.8365571741942968,0.8365571741942968,-0.26438202870721733,-0.2623941939049074,-0.35250219490781387,0.6039603960396039,61,0.26732673267326734,0.33663366336633666,0.39603960396039606,0.009178296370544155,0.011193776579902545,2000,-0.900990099009901,-0.1188118811881188,-0.4591516168024327,-0.0657261643055478,source-designated leader,0.3,0.8649096823677432,FALSE,Does not meet NI criterion,1,1,FALSE,FALSE,,,,
Steak,Steak,whole-cut-like,Plant-based Leader,923,Plant-based Leader / 923,TRUE,Animal Based,257,Animal Based / 257,Appearance,95,4.842105263157895,6.136842105263158,-1.2947368421052632,1.9067276424155664,0.1956261284440734,-1.6197160246481141,-0.9697576595624121,-1.6831571059725783,-0.9063165782379482,-1.6197160246481141,1.6197160246481141,-0.6790360685519861,-0.6736037800035701,-0.7843058350100603,0.4105263157894737,39,0.14736842105263157,0.2631578947368421,0.5894736842105263,2.21635561066495e-9,7.646621948137748e-9,2000,-1.6842105263157894,-0.9157894736842105,-0.8682616186881916,-0.5128143423690983,source-designated leader,0.3,0.999999064423389,FALSE,Does not meet NI criterion,1,1,FALSE,FALSE,,,,
Unbreaded_Chicken_Filets,Unbreaded Chicken Filets,whole-muscle-like filet,Plant-based Leader,413,Plant-based Leader / 413,TRUE,Animal-based (Perdue),491,Animal-based (Perdue) / 491,Appearance,103,4.815533980582524,5.495145631067961,-0.6796116504854369,1.9210576755537851,0.1892874372765386,-0.9938155416953658,-0.3654077592755081,-1.0550623848289695,-0.3041609161419042,-0.9938155416953658,0.9938155416953658,-0.35376951932977474,-0.3511618815951572,-0.4616216216216216,0.49514563106796117,51,0.21359223300970873,0.2815533980582524,0.5048543689320388,5.096197356241665e-4,4.7361313398270943e-4,2000,-1.0487864077669902,-0.30097087378640774,-0.5674602496012855,-0.1555841518892023,source-designated leader,0.3,0.9762196698483794,FALSE,Does not meet NI criterion,1,1,FALSE,FALSE,,,,
Unbreaded_Chicken_StripsandChunks,Unbreaded Chicken Strips and Chunks,whole-muscle-like chunks,Plant-based Leader,702,Plant-based Leader / 702,TRUE,Animal-based (Tyson),674,Animal-based (Tyson) / 674,Appearance,98,4.255102040816326,5.683673469387755,-1.4285714285714286,2.030692330267238,0.20513090246221088,-1.7692353152781435,-1.0879075418647137,-1.8356994868561518,-1.0214433702867054,-1.7692353152781435,1.7692353152781435,-0.703489842985436,-0.69803643334989,-0.8033362598770851,0.40816326530612246,40,0.09183673469387756,0.3163265306122449,0.5918367346938775,3.95541406538864e-10,8.945647734213487e-9,2000,-1.816326530612245,-1.030612244897959,-0.9200136550677325,-0.49708517779664024,source-designated leader,0.3,0.9999998470370277,FALSE,Does not meet NI criterion,1,1,FALSE,FALSE,,,,
Bacon,Bacon,processed/strip,Plant-based Leader,334,Plant-based Leader / 334,TRUE,Animal-based (Oscar Mayer),674,Animal-based (Oscar Mayer) / 674,Appearance,92,3.5217391304347827,6.293478260869565,-2.7717391304347827,2.0278460443413557,0.21141756486689733,-3.1230667414039774,-2.420411519465588,-3.191694151329204,-2.3517841095403615,-3.1230667414039774,3.1230667414039774,-1.3668390350289354,-1.3555428446567954,-0.9534883720930233,0.14130434782608695,13,0.07608695652173914,0.06521739130434782,0.8586956521739131,1.1182819308164275e-22,1.2693723066629197e-14,2000,-3.1956521739130435,-2.380163043478263,-1.7074012633161448,-1.1249524793585968,source-designated leader,0.5,1,FALSE,Does not meet NI criterion,1,1,FALSE,FALSE,,,1,FALSE
Bratwurst,Bratwurst,processed/sausage,Plant-based Leader,702,Plant-based Leader / 702,TRUE,Animal-based (Johnsonville),491,Animal-based (Johnsonville) / 491,Appearance,106,5.415094339622642,5.471698113207547,-0.05660377358490566,2.022870137673298,0.19647851661067667,-0.38265896483893813,0.26945141766912684,-0.44618437729314936,0.33297683012333806,-0.38265896483893813,0.38265896483893813,-0.027981911705914665,-0.027781563889404535,-0.013279678068410463,0.660377358490566,70,0.32075471698113206,0.33962264150943394,0.33962264150943394,0.7738446610709062,0.9242808522115064,2000,-0.4528301886792453,0.330188679245283,-0.2201796116505681,0.1671899541918397,source-designated leader,0.5,0.013048476145903237,TRUE,Meets NI criterion,0.15658171375083885,0.06089288868088178,FALSE,FALSE,,,0.8351024733378072,FALSE
Breaded_Chicken_Filets,Breaded Chicken Filets,breaded/coated,Plant-based Leader,491,Plant-based Leader / 491,TRUE,Animal-based (Tyson),396,Animal-based (Tyson) / 396,Appearance,78,4.423076923076923,5.166666666666667,-0.7435897435897436,1.7089215664894981,0.19349726428904654,-1.0657403469063416,-0.4214391402731457,-1.1288920216009355,-0.35828746557855173,-1.0657403469063416,1.0657403469063416,-0.435122218696813,-0.4308702100450526,-0.5375939849624061,0.5,39,0.21794871794871795,0.28205128205128205,0.5,2.484261820620602e-4,3.8965972623262606e-4,2000,-1.1153846153846154,-0.3717948717948718,-0.6696745410166952,-0.22823384727990523,source-designated leader,0.5,0.894061446324137,FALSE,Does not meet NI criterion,1,1,FALSE,FALSE,,,1,FALSE
Breakfast_Sausages,Breakfast Sausages,processed/sausage,Plant-based Leader,413,Plant-based Leader / 413,TRUE,Animal-based (Jimmy Dean),674,Animal-based (Jimmy Dean) / 674,Appearance,104,5,5.346153846153846,-0.34615384615384615,1.914529173630972,0.18773503107090375,-0.6577531228178208,-0.0345545694898714,-0.7184820019947004,0.026174309687008068,-0.6577531228178208,0.6577531228178208,-0.18080364139730146,-0.17948390678856202,-0.2234283129805518,0.625,65,0.25961538461538464,0.36538461538461536,0.375,0.06808073480499116,0.10874289900744591,2000,-0.7211538461538461,2.4038461538330362e-4,-0.3745456487829613,1.2985056510237425e-4,source-designated leader,0.5,0.20720081482920477,FALSE,Does not meet NI criterion,1,0.7252028519022167,FALSE,FALSE,,,1,FALSE
Burgers,Burgers,comminuted/patty,Plant-based Leader,922,Plant-based Leader / 922,TRUE,Animal-based (Bubba),801,Animal-based (Bubba) / 801,Appearance,113,5.079646017699115,5.566371681415929,-0.48672566371681414,1.8903658198867772,0.177830657564656,-0.7816707249129271,-0.19178060252070123,-0.8390743164363433,-0.13437701099728494,-0.7816707249129271,0.7816707249129271,-0.2574769701168033,-0.2557489367603147,-0.32128876844324,0.5663716814159292,64,0.2831858407079646,0.2831858407079646,0.4336283185840708,0.0072125878737719544,0.01076005744940167,2000,-0.8407079646017699,-0.1415929203539823,-0.43969012965316684,-0.07771888186502807,source-designated leader,0.5,0.47031479215110406,FALSE,Does not meet NI criterion,1,1,FALSE,FALSE,,,1,FALSE
Chicken_Nuggets,Chicken Nuggets,breaded/coated,Plant-based Leader,206,Plant-based Leader / 206,TRUE,Animal-based (Tyson),801,Animal-based (Tyson) / 801,Appearance,97,5.402061855670103,5.237113402061856,0.16494845360824742,1.8856940166417842,0.19146321884126466,-0.15304925307006198,0.4829461602865568,-0.21510303202525385,0.5449999392417487,-0.15304925307006198,0.15304925307006198,0.0874736050242142,0.08678843318329345,0.1258741258741259,0.7216494845360825,70,0.3917525773195876,0.32989690721649484,0.27835051546391754,0.391101193889261,0.3732228523395271,2000,-0.21649484536082475,0.5260309278350502,-0.114208303643136,0.29923698226003465,source-designated leader,0.5,3.8680952752110834e-4,TRUE,Meets NI criterion,0.005028523857774409,0.0027076666926477582,TRUE,TRUE,,,0.02591623834391426,TRUE
Deli_Ham,Deli Ham,processed/deli,Plant-based Leader,923,Plant-based Leader / 923,TRUE,Animal-based (Oscar Mayer),674,Animal-based (Oscar Mayer) / 674,Appearance,105,5.228571428571429,6,-0.7714285714285715,1.5887655032054995,0.155047637047636,-1.028751434349233,-0.5141057085079099,-1.078893854086662,-0.46396328877048093,-1.028751434349233,1.028751434349233,-0.4855521912278018,-0.4820421753876008,-0.6475961538461539,0.5238095238095238,55,0.13333333333333333,0.3904761904761905,0.47619047619047616,2.586152259992362e-6,4.6457800854402065e-6,2000,-1.0954761904761907,-0.4666666666666667,-0.6789960317663454,-0.315824390058772,source-designated leader,0.5,0.9585193738669527,FALSE,Does not meet NI criterion,1,1,FALSE,FALSE,,,1,FALSE
Deli_Turkey,Deli Turkey,processed/deli,Plant-based Leader,491,Plant-based Leader / 491,TRUE,Animal-based (Oscar Mayer),413,Animal-based (Oscar Mayer) / 413,Appearance,102,4.480392156862745,5.764705882352941,-1.2843137254901962,2.2177387956989794,0.21958886195253932,-1.6488489418717711,-0.9197785091086212,-1.719918958849187,-0.8487084921312052,-1.6488489418717711,1.6488489418717711,-0.5791095542815765,-0.5747985650437484,-0.6528154170430593,0.4019607843137255,41,0.19607843137254902,0.20588235294117646,0.5980392156862745,6.139779565098917e-8,2.7448227321790727e-7,2000,-1.7156862745098038,-0.8625000000000014,-0.804764484876183,-0.3793008903279638,source-designated leader,0.5,0.9997274790592179,FALSE,Does not meet NI criterion,1,1,FALSE,FALSE,,,1,FALSE
Hot_Dogs,Hot Dogs,processed/sausage,Plant-based Leader,164,Plant-based Leader / 164,TRUE,Animal-based (Ball Park),801,Animal-based (Ball Park) / 801,Appearance,88,5.318181818181818,5.795454545454546,-0.4772727272727273,1.7615123643682895,0.18777784897629218,-0.7894641701452032,-0.16508128440025144,-0.8505015349969873,-0.1040439195484672,-0.7894641701452032,0.7894641701452032,-0.270944863588219,-0.2686024007906263,-0.41001451378809867,0.6136363636363636,54,0.20454545454545456,0.4090909090909091,0.38636363636363635,0.012803348825182689,0.008992392727756324,2000,-0.8409090909090909,-0.09090909090909091,-0.48003165598228587,-0.052665145146080915,source-designated leader,0.5,0.45197209038224173,FALSE,Does not meet NI criterion,1,1,FALSE,FALSE,,,1,FALSE
Meatballs,Meatballs,comminuted/meatball,Plant-based Leader,859,Plant-based Leader / 859,TRUE,Animal-based (Cooked Perfect),923,Animal-based (Cooked Perfect) / 923,Appearance,99,5.878787878787879,5.858585858585859,0.020202020202020204,1.049584932342285,0.10548725473302781,-0.1549649690298322,0.1953690094338726,-0.18913400368111927,0.22953804408515965,-0.1549649690298322,0.1549649690298322,0.01924762787603741,0.019099947866758348,0.03346938775510204,0.7474747474747475,74,0.24242424242424243,0.5050505050505051,0.25252525252525254,0.8485211220389576,0.8364337278347163,2000,-0.20202020202020202,0.2224747474747461,-0.1911177165791389,0.21670124882997865,source-designated leader,0.5,1.666537004755928e-6,TRUE,Meets NI criterion,2.333151806658299e-5,2.333151806658299e-5,TRUE,TRUE,,,1.1665759033291496e-4,TRUE
Pulled_Pork,Pulled Pork,shredded/pulled,Plant-based Leader,651,Plant-based Leader / 651,TRUE,Animal-based (Kirkland),164,Animal-based (Kirkland) / 164,Appearance,101,5.267326732673268,5.782178217821782,-0.5148514851485149,1.9473770122199687,0.19377125505188814,-0.8365571741942968,-0.19314579610273297,-0.8992881362800238,-0.13041483401700593,-0.8365571741942968,0.8365571741942968,-0.26438202870721733,-0.2623941939049074,-0.35250219490781387,0.6039603960396039,61,0.26732673267326734,0.33663366336633666,0.39603960396039606,0.009178296370544155,0.011193776579902545,2000,-0.900990099009901,-0.1188118811881188,-0.4591516168024327,-0.0657261643055478,source-designated leader,0.5,0.5304702210815933,FALSE,Does not meet NI criterion,1,1,FALSE,FALSE,,,1,FALSE
Steak,Steak,whole-cut-like,Plant-based Leader,923,Plant-based Leader / 923,TRUE,Animal Based,257,Animal Based / 257,Appearance,95,4.842105263157895,6.136842105263158,-1.2947368421052632,1.9067276424155664,0.1956261284440734,-1.6197160246481141,-0.9697576595624121,-1.6831571059725783,-0.9063165782379482,-1.6197160246481141,1.6197160246481141,-0.6790360685519861,-0.6736037800035701,-0.7843058350100603,0.4105263157894737,39,0.14736842105263157,0.2631578947368421,0.5894736842105263,2.21635561066495e-9,7.646621948137748e-9,2000,-1.6842105263157894,-0.9157894736842105,-0.8682616186881916,-0.5128143423690983,source-designated leader,0.5,0.9999497077036124,FALSE,Does not meet NI criterion,1,1,FALSE,FALSE,,,1,FALSE
Unbreaded_Chicken_Filets,Unbreaded Chicken Filets,whole-muscle-like filet,Plant-based Leader,413,Plant-based Leader / 413,TRUE,Animal-based (Perdue),491,Animal-based (Perdue) / 491,Appearance,103,4.815533980582524,5.495145631067961,-0.6796116504854369,1.9210576755537851,0.1892874372765386,-0.9938155416953658,-0.3654077592755081,-1.0550623848289695,-0.3041609161419042,-0.9938155416953658,0.9938155416953658,-0.35376951932977474,-0.3511618815951572,-0.4616216216216216,0.49514563106796117,51,0.21359223300970873,0.2815533980582524,0.5048543689320388,5.096197356241665e-4,4.7361313398270943e-4,2000,-1.0487864077669902,-0.30097087378640774,-0.5674602496012855,-0.1555841518892023,source-designated leader,0.5,0.8275385688270627,FALSE,Does not meet NI criterion,1,1,FALSE,FALSE,,,1,FALSE
Unbreaded_Chicken_StripsandChunks,Unbreaded Chicken Strips and Chunks,whole-muscle-like chunks,Plant-based Leader,702,Plant-based Leader / 702,TRUE,Animal-based (Tyson),674,Animal-based (Tyson) / 674,Appearance,98,4.255102040816326,5.683673469387755,-1.4285714285714286,2.030692330267238,0.20513090246221088,-1.7692353152781435,-1.0879075418647137,-1.8356994868561518,-1.0214433702867054,-1.7692353152781435,1.7692353152781435,-0.703489842985436,-0.69803643334989,-0.8033362598770851,0.40816326530612246,40,0.09183673469387756,0.3163265306122449,0.5918367346938775,3.95541406538864e-10,8.945647734213487e-9,2000,-1.816326530612245,-1.030612244897959,-0.9200136550677325,-0.49708517779664024,source-designated leader,0.5,0.9999914881934806,FALSE,Does not meet NI criterion,1,1,FALSE,FALSE,,,1,FALSE
Bacon,Bacon,processed/strip,Plant-based Leader,334,Plant-based Leader / 334,TRUE,Animal-based (Oscar Mayer),674,Animal-based (Oscar Mayer) / 674,Appearance,92,3.5217391304347827,6.293478260869565,-2.7717391304347827,2.0278460443413557,0.21141756486689733,-3.1230667414039774,-2.420411519465588,-3.191694151329204,-2.3517841095403615,-3.1230667414039774,3.1230667414039774,-1.3668390350289354,-1.3555428446567954,-0.9534883720930233,0.14130434782608695,13,0.07608695652173914,0.06521739130434782,0.8586956521739131,1.1182819308164275e-22,1.2693723066629197e-14,2000,-3.1956521739130435,-2.380163043478263,-1.7074012633161448,-1.1249524793585968,source-designated leader,0.7,0.9999999999999997,FALSE,Does not meet NI criterion,1,0.9999999999999997,FALSE,FALSE,,,,
Bratwurst,Bratwurst,processed/sausage,Plant-based Leader,702,Plant-based Leader / 702,TRUE,Animal-based (Johnsonville),491,Animal-based (Johnsonville) / 491,Appearance,106,5.415094339622642,5.471698113207547,-0.05660377358490566,2.022870137673298,0.19647851661067667,-0.38265896483893813,0.26945141766912684,-0.44618437729314936,0.33297683012333806,-0.38265896483893813,0.38265896483893813,-0.027981911705914665,-0.027781563889404535,-0.013279678068410463,0.660377358490566,70,0.32075471698113206,0.33962264150943394,0.33962264150943394,0.7738446610709062,0.9242808522115064,2000,-0.4528301886792453,0.330188679245283,-0.2201796116505681,0.1671899541918397,source-designated leader,0.7,7.167367538121276e-4,TRUE,Meets NI criterion,0.00860084104574553,0.003344771517789929,TRUE,TRUE,,,,
Breaded_Chicken_Filets,Breaded Chicken Filets,breaded/coated,Plant-based Leader,491,Plant-based Leader / 491,TRUE,Animal-based (Tyson),396,Animal-based (Tyson) / 396,Appearance,78,4.423076923076923,5.166666666666667,-0.7435897435897436,1.7089215664894981,0.19349726428904654,-1.0657403469063416,-0.4214391402731457,-1.1288920216009355,-0.35828746557855173,-1.0657403469063416,1.0657403469063416,-0.435122218696813,-0.4308702100450526,-0.5375939849624061,0.5,39,0.21794871794871795,0.28205128205128205,0.5,2.484261820620602e-4,3.8965972623262606e-4,2000,-1.1153846153846154,-0.3717948717948718,-0.6696745410166952,-0.22823384727990523,source-designated leader,0.7,0.5888182139096395,FALSE,Does not meet NI criterion,1,0.9159394438594393,FALSE,FALSE,,,,
Breakfast_Sausages,Breakfast Sausages,processed/sausage,Plant-based Leader,413,Plant-based Leader / 413,TRUE,Animal-based (Jimmy Dean),674,Animal-based (Jimmy Dean) / 674,Appearance,104,5,5.346153846153846,-0.34615384615384615,1.914529173630972,0.18773503107090375,-0.6577531228178208,-0.0345545694898714,-0.7184820019947004,0.026174309687008068,-0.6577531228178208,0.6577531228178208,-0.18080364139730146,-0.17948390678856202,-0.2234283129805518,0.625,65,0.25961538461538464,0.36538461538461536,0.375,0.06808073480499116,0.10874289900744591,2000,-0.7211538461538461,2.4038461538330362e-4,-0.3745456487829613,1.2985056510237425e-4,source-designated leader,0.7,0.031136716522915258,TRUE,Meets NI criterion,0.34250388175206786,0.10897850783020341,FALSE,FALSE,,,,
Burgers,Burgers,comminuted/patty,Plant-based Leader,922,Plant-based Leader / 922,TRUE,Animal-based (Bubba),801,Animal-based (Bubba) / 801,Appearance,113,5.079646017699115,5.566371681415929,-0.48672566371681414,1.8903658198867772,0.177830657564656,-0.7816707249129271,-0.19178060252070123,-0.8390743164363433,-0.13437701099728494,-0.7816707249129271,0.7816707249129271,-0.2574769701168033,-0.2557489367603147,-0.32128876844324,0.5663716814159292,64,0.2831858407079646,0.2831858407079646,0.4336283185840708,0.0072125878737719544,0.01076005744940167,2000,-0.8407079646017699,-0.1415929203539823,-0.43969012965316684,-0.07771888186502807,source-designated leader,0.7,0.11646899499102487,FALSE,Does not meet NI criterion,1,0.27860430867785985,FALSE,FALSE,,,,
Chicken_Nuggets,Chicken Nuggets,breaded/coated,Plant-based Leader,206,Plant-based Leader / 206,TRUE,Animal-based (Tyson),801,Animal-based (Tyson) / 801,Appearance,97,5.402061855670103,5.237113402061856,0.16494845360824742,1.8856940166417842,0.19146321884126466,-0.15304925307006198,0.4829461602865568,-0.21510303202525385,0.5449999392417487,-0.15304925307006198,0.15304925307006198,0.0874736050242142,0.08678843318329345,0.1258741258741259,0.7216494845360825,70,0.3917525773195876,0.32989690721649484,0.27835051546391754,0.391101193889261,0.3732228523395271,2000,-0.21649484536082475,0.5260309278350502,-0.114208303643136,0.29923698226003465,source-designated leader,0.7,8.905681144627279e-6,TRUE,Meets NI criterion,1.1577385488015463e-4,6.233976801239095e-5,TRUE,TRUE,,,,
Deli_Ham,Deli Ham,processed/deli,Plant-based Leader,923,Plant-based Leader / 923,TRUE,Animal-based (Oscar Mayer),674,Animal-based (Oscar Mayer) / 674,Appearance,105,5.228571428571429,6,-0.7714285714285715,1.5887655032054995,0.155047637047636,-1.028751434349233,-0.5141057085079099,-1.078893854086662,-0.46396328877048093,-1.028751434349233,1.028751434349233,-0.4855521912278018,-0.4820421753876008,-0.6475961538461539,0.5238095238095238,55,0.13333333333333333,0.3904761904761905,0.47619047619047616,2.586152259992362e-6,4.6457800854402065e-6,2000,-1.0954761904761907,-0.4666666666666667,-0.6789960317663454,-0.315824390058772,source-designated leader,0.7,0.6770077903102225,FALSE,Does not meet NI criterion,1,0.9478109064343114,FALSE,FALSE,,,,
Deli_Turkey,Deli Turkey,processed/deli,Plant-based Leader,491,Plant-based Leader / 491,TRUE,Animal-based (Oscar Mayer),413,Animal-based (Oscar Mayer) / 413,Appearance,102,4.480392156862745,5.764705882352941,-1.2843137254901962,2.2177387956989794,0.21958886195253932,-1.6488489418717711,-0.9197785091086212,-1.719918958849187,-0.8487084921312052,-1.6488489418717711,1.6488489418717711,-0.5791095542815765,-0.5747985650437484,-0.6528154170430593,0.4019607843137255,41,0.19607843137254902,0.20588235294117646,0.5980392156862745,6.139779565098917e-8,2.7448227321790727e-7,2000,-1.7156862745098038,-0.8625000000000014,-0.804764484876183,-0.3793008903279638,source-designated leader,0.7,0.9954671796262151,FALSE,Does not meet NI criterion,1,0.9999999999999997,FALSE,FALSE,,,,
Hot_Dogs,Hot Dogs,processed/sausage,Plant-based Leader,164,Plant-based Leader / 164,TRUE,Animal-based (Ball Park),801,Animal-based (Ball Park) / 801,Appearance,88,5.318181818181818,5.795454545454546,-0.4772727272727273,1.7615123643682895,0.18777784897629218,-0.7894641701452032,-0.16508128440025144,-0.8505015349969873,-0.1040439195484672,-0.7894641701452032,0.7894641701452032,-0.270944863588219,-0.2686024007906263,-0.41001451378809867,0.6136363636363636,54,0.20454545454545456,0.4090909090909091,0.38636363636363635,0.012803348825182689,0.008992392727756324,2000,-0.8409090909090909,-0.09090909090909091,-0.48003165598228587,-0.052665145146080915,source-designated leader,0.7,0.11940184657622564,FALSE,Does not meet NI criterion,1,0.27860430867785985,FALSE,FALSE,,,,
Meatballs,Meatballs,comminuted/meatball,Plant-based Leader,859,Plant-based Leader / 859,TRUE,Animal-based (Cooked Perfect),923,Animal-based (Cooked Perfect) / 923,Appearance,99,5.878787878787879,5.858585858585859,0.020202020202020204,1.049584932342285,0.10548725473302781,-0.1549649690298322,0.1953690094338726,-0.18913400368111927,0.22953804408515965,-0.1549649690298322,0.1549649690298322,0.01924762787603741,0.019099947866758348,0.03346938775510204,0.7474747474747475,74,0.24242424242424243,0.5050505050505051,0.25252525252525254,0.8485211220389576,0.8364337278347163,2000,-0.20202020202020202,0.2224747474747461,-0.1911177165791389,0.21670124882997865,source-designated leader,0.7,3.641063074940713e-10,TRUE,Meets NI criterion,5.0974883049169975e-9,5.0974883049169975e-9,TRUE,TRUE,,,,
Pulled_Pork,Pulled Pork,shredded/pulled,Plant-based Leader,651,Plant-based Leader / 651,TRUE,Animal-based (Kirkland),164,Animal-based (Kirkland) / 164,Appearance,101,5.267326732673268,5.782178217821782,-0.5148514851485149,1.9473770122199687,0.19377125505188814,-0.8365571741942968,-0.19314579610273297,-0.8992881362800238,-0.13041483401700593,-0.8365571741942968,0.8365571741942968,-0.26438202870721733,-0.2623941939049074,-0.35250219490781387,0.6039603960396039,61,0.26732673267326734,0.33663366336633666,0.39603960396039606,0.009178296370544155,0.011193776579902545,2000,-0.900990099009901,-0.1188118811881188,-0.4591516168024327,-0.0657261643055478,source-designated leader,0.7,0.17081443459903567,FALSE,Does not meet NI criterion,1,0.34162886919807134,FALSE,FALSE,,,,
Steak,Steak,whole-cut-like,Plant-based Leader,923,Plant-based Leader / 923,TRUE,Animal Based,257,Animal Based / 257,Appearance,95,4.842105263157895,6.136842105263158,-1.2947368421052632,1.9067276424155664,0.1956261284440734,-1.6197160246481141,-0.9697576595624121,-1.6831571059725783,-0.9063165782379482,-1.6197160246481141,1.6197160246481141,-0.6790360685519861,-0.6736037800035701,-0.7843058350100603,0.4105263157894737,39,0.14736842105263157,0.2631578947368421,0.5894736842105263,2.21635561066495e-9,7.646621948137748e-9,2000,-1.6842105263157894,-0.9157894736842105,-0.8682616186881916,-0.5128143423690983,source-designated leader,0.7,0.9984685287245785,FALSE,Does not meet NI criterion,1,0.9999999999999997,FALSE,FALSE,,,,
Unbreaded_Chicken_Filets,Unbreaded Chicken Filets,whole-muscle-like filet,Plant-based Leader,413,Plant-based Leader / 413,TRUE,Animal-based (Perdue),491,Animal-based (Perdue) / 491,Appearance,103,4.815533980582524,5.495145631067961,-0.6796116504854369,1.9210576755537851,0.1892874372765386,-0.9938155416953658,-0.3654077592755081,-1.0550623848289695,-0.3041609161419042,-0.9938155416953658,0.9938155416953658,-0.35376951932977474,-0.3511618815951572,-0.4616216216216216,0.49514563106796117,51,0.21359223300970873,0.2815533980582524,0.5048543689320388,5.096197356241665e-4,4.7361313398270943e-4,2000,-1.0487864077669902,-0.30097087378640774,-0.5674602496012855,-0.1555841518892023,source-designated leader,0.7,0.45721824313442994,FALSE,Does not meet NI criterion,1,0.8001319254852524,FALSE,FALSE,,,,
Unbreaded_Chicken_StripsandChunks,Unbreaded Chicken Strips and Chunks,whole-muscle-like chunks,Plant-based Leader,702,Plant-based Leader / 702,TRUE,Animal-based (Tyson),674,Animal-based (Tyson) / 674,Appearance,98,4.255102040816326,5.683673469387755,-1.4285714285714286,2.030692330267238,0.20513090246221088,-1.7692353152781435,-1.0879075418647137,-1.8356994868561518,-1.0214433702867054,-1.7692353152781435,1.7692353152781435,-0.703489842985436,-0.69803643334989,-0.8033362598770851,0.40816326530612246,40,0.09183673469387756,0.3163265306122449,0.5918367346938775,3.95541406538864e-10,8.945647734213487e-9,2000,-1.816326530612245,-1.030612244897959,-0.9200136550677325,-0.49708517779664024,source-designated leader,0.7,0.9997036956188562,FALSE,Does not meet NI criterion,1,0.9999999999999997,FALSE,FALSE,,,,
Bacon,Bacon,processed/strip,Plant-based Leader,334,Plant-based Leader / 334,TRUE,Animal-based (Oscar Mayer),674,Animal-based (Oscar Mayer) / 674,Appearance,92,3.5217391304347827,6.293478260869565,-2.7717391304347827,2.0278460443413557,0.21141756486689733,-3.1230667414039774,-2.420411519465588,-3.191694151329204,-2.3517841095403615,-3.1230667414039774,3.1230667414039774,-1.3668390350289354,-1.3555428446567954,-0.9534883720930233,0.14130434782608695,13,0.07608695652173914,0.06521739130434782,0.8586956521739131,1.1182819308164275e-22,1.2693723066629197e-14,2000,-3.1956521739130435,-2.380163043478263,-1.7074012633161448,-1.1249524793585968,source-designated leader,1,0.9999999999996891,FALSE,Does not meet NI criterion,1,0.9999999999996891,FALSE,FALSE,,,,
Bratwurst,Bratwurst,processed/sausage,Plant-based Leader,702,Plant-based Leader / 702,TRUE,Animal-based (Johnsonville),491,Animal-based (Johnsonville) / 491,Appearance,106,5.415094339622642,5.471698113207547,-0.05660377358490566,2.022870137673298,0.19647851661067667,-0.38265896483893813,0.26945141766912684,-0.44618437729314936,0.33297683012333806,-0.38265896483893813,0.38265896483893813,-0.027981911705914665,-0.027781563889404535,-0.013279678068410463,0.660377358490566,70,0.32075471698113206,0.33962264150943394,0.33962264150943394,0.7738446610709062,0.9242808522115064,2000,-0.4528301886792453,0.330188679245283,-0.2201796116505681,0.1671899541918397,source-designated leader,1,2.6237295452111622e-6,TRUE,Meets NI criterion,3.148475454253395e-5,1.2244071210985425e-5,TRUE,TRUE,,,,
Breaded_Chicken_Filets,Breaded Chicken Filets,breaded/coated,Plant-based Leader,491,Plant-based Leader / 491,TRUE,Animal-based (Tyson),396,Animal-based (Tyson) / 396,Appearance,78,4.423076923076923,5.166666666666667,-0.7435897435897436,1.7089215664894981,0.19349726428904654,-1.0657403469063416,-0.4214391402731457,-1.1288920216009355,-0.35828746557855173,-1.0657403469063416,1.0657403469063416,-0.435122218696813,-0.4308702100450526,-0.5375939849624061,0.5,39,0.21794871794871795,0.28205128205128205,0.5,2.484261820620602e-4,3.8965972623262606e-4,2000,-1.1153846153846154,-0.3717948717948718,-0.6696745410166952,-0.22823384727990523,source-designated leader,1,0.0945223681997715,FALSE,Does not meet NI criterion,0.4726118409988575,0.13233131547968008,FALSE,FALSE,,,,
Breakfast_Sausages,Breakfast Sausages,processed/sausage,Plant-based Leader,413,Plant-based Leader / 413,TRUE,Animal-based (Jimmy Dean),674,Animal-based (Jimmy Dean) / 674,Appearance,104,5,5.346153846153846,-0.34615384615384615,1.914529173630972,0.18773503107090375,-0.6577531228178208,-0.0345545694898714,-0.7184820019947004,0.026174309687008068,-0.6577531228178208,0.6577531228178208,-0.18080364139730146,-0.17948390678856202,-0.2234283129805518,0.625,65,0.25961538461538464,0.36538461538461536,0.375,0.06808073480499116,0.10874289900744591,2000,-0.7211538461538461,2.4038461538330362e-4,-0.3745456487829613,1.2985056510237425e-4,source-designated leader,1,3.648029807583711e-4,TRUE,Meets NI criterion,0.004012832788342083,0.0012768104326542989,TRUE,TRUE,,,,
Burgers,Burgers,comminuted/patty,Plant-based Leader,922,Plant-based Leader / 922,TRUE,Animal-based (Bubba),801,Animal-based (Bubba) / 801,Appearance,113,5.079646017699115,5.566371681415929,-0.48672566371681414,1.8903658198867772,0.177830657564656,-0.7816707249129271,-0.19178060252070123,-0.8390743164363433,-0.13437701099728494,-0.7816707249129271,0.7816707249129271,-0.2574769701168033,-0.2557489367603147,-0.32128876844324,0.5663716814159292,64,0.2831858407079646,0.2831858407079646,0.4336283185840708,0.0072125878737719544,0.01076005744940167,2000,-0.8407079646017699,-0.1415929203539823,-0.43969012965316684,-0.07771888186502807,source-designated leader,1,0.0023389580167509014,TRUE,Meets NI criterion,0.023389580167509014,0.006549082446902523,TRUE,TRUE,,,,
Chicken_Nuggets,Chicken Nuggets,breaded/coated,Plant-based Leader,206,Plant-based Leader / 206,TRUE,Animal-based (Tyson),801,Animal-based (Tyson) / 801,Appearance,97,5.402061855670103,5.237113402061856,0.16494845360824742,1.8856940166417842,0.19146321884126466,-0.15304925307006198,0.4829461602865568,-0.21510303202525385,0.5449999392417487,-0.15304925307006198,0.15304925307006198,0.0874736050242142,0.08678843318329345,0.1258741258741259,0.7216494845360825,70,0.3917525773195876,0.32989690721649484,0.27835051546391754,0.391101193889261,0.3732228523395271,2000,-0.21649484536082475,0.5260309278350502,-0.114208303643136,0.29923698226003465,source-designated leader,1,1.1925439323432735e-8,TRUE,Meets NI criterion,1.5503071120462555e-7,8.347807526402915e-8,TRUE,TRUE,,,,
Deli_Ham,Deli Ham,processed/deli,Plant-based Leader,923,Plant-based Leader / 923,TRUE,Animal-based (Oscar Mayer),674,Animal-based (Oscar Mayer) / 674,Appearance,105,5.228571428571429,6,-0.7714285714285715,1.5887655032054995,0.155047637047636,-1.028751434349233,-0.5141057085079099,-1.078893854086662,-0.46396328877048093,-1.028751434349233,1.028751434349233,-0.4855521912278018,-0.4820421753876008,-0.6475961538461539,0.5238095238095238,55,0.13333333333333333,0.3904761904761905,0.47619047619047616,2.586152259992362e-6,4.6457800854402065e-6,2000,-1.0954761904761907,-0.4666666666666667,-0.6789960317663454,-0.315824390058772,source-designated leader,1,0.0717240210218001,FALSE,Does not meet NI criterion,0.43034412613080064,0.1115706993672446,FALSE,FALSE,,,,
Deli_Turkey,Deli Turkey,processed/deli,Plant-based Leader,491,Plant-based Leader / 491,TRUE,Animal-based (Oscar Mayer),413,Animal-based (Oscar Mayer) / 413,Appearance,102,4.480392156862745,5.764705882352941,-1.2843137254901962,2.2177387956989794,0.21958886195253932,-1.6488489418717711,-0.9197785091086212,-1.719918958849187,-0.8487084921312052,-1.6488489418717711,1.6488489418717711,-0.5791095542815765,-0.5747985650437484,-0.6528154170430593,0.4019607843137255,41,0.19607843137254902,0.20588235294117646,0.5980392156862745,6.139779565098917e-8,2.7448227321790727e-7,2000,-1.7156862745098038,-0.8625000000000014,-0.804764484876183,-0.3793008903279638,source-designated leader,1,0.9008215121428125,FALSE,Does not meet NI criterion,1,0.9999999999996891,FALSE,FALSE,,,,
Hot_Dogs,Hot Dogs,processed/sausage,Plant-based Leader,164,Plant-based Leader / 164,TRUE,Animal-based (Ball Park),801,Animal-based (Ball Park) / 801,Appearance,88,5.318181818181818,5.795454545454546,-0.4772727272727273,1.7615123643682895,0.18777784897629218,-0.7894641701452032,-0.16508128440025144,-0.8505015349969873,-0.1040439195484672,-0.7894641701452032,0.7894641701452032,-0.270944863588219,-0.2686024007906263,-0.41001451378809867,0.6136363636363636,54,0.20454545454545456,0.4090909090909091,0.38636363636363635,0.012803348825182689,0.008992392727756324,2000,-0.8409090909090909,-0.09090909090909091,-0.48003165598228587,-0.052665145146080915,source-designated leader,1,0.0032955679005426705,TRUE,Meets NI criterion,0.029660111104884035,0.007689658434599565,TRUE,TRUE,,,,
Meatballs,Meatballs,comminuted/meatball,Plant-based Leader,859,Plant-based Leader / 859,TRUE,Animal-based (Cooked Perfect),923,Animal-based (Cooked Perfect) / 923,Appearance,99,5.878787878787879,5.858585858585859,0.020202020202020204,1.049584932342285,0.10548725473302781,-0.1549649690298322,0.1953690094338726,-0.18913400368111927,0.22953804408515965,-0.1549649690298322,0.1549649690298322,0.01924762787603741,0.019099947866758348,0.03346938775510204,0.7474747474747475,74,0.24242424242424243,0.5050505050505051,0.25252525252525254,0.8485211220389576,0.8364337278347163,2000,-0.20202020202020202,0.2224747474747461,-0.1911177165791389,0.21670124882997865,source-designated leader,1,3.128587372387058e-16,TRUE,Meets NI criterion,4.380022321341881e-15,4.380022321341881e-15,TRUE,TRUE,,,,
Pulled_Pork,Pulled Pork,shredded/pulled,Plant-based Leader,651,Plant-based Leader / 651,TRUE,Animal-based (Kirkland),164,Animal-based (Kirkland) / 164,Appearance,101,5.267326732673268,5.782178217821782,-0.5148514851485149,1.9473770122199687,0.19377125505188814,-0.8365571741942968,-0.19314579610273297,-0.8992881362800238,-0.13041483401700593,-0.8365571741942968,0.8365571741942968,-0.26438202870721733,-0.2623941939049074,-0.35250219490781387,0.6039603960396039,61,0.26732673267326734,0.33663366336633666,0.39603960396039606,0.009178296370544155,0.011193776579902545,2000,-0.900990099009901,-0.1188118811881188,-0.4591516168024327,-0.0657261643055478,source-designated leader,1,0.006953939578843742,TRUE,Meets NI criterion,0.05563151663074994,0.013907879157687484,FALSE,TRUE,,,,
Steak,Steak,whole-cut-like,Plant-based Leader,923,Plant-based Leader / 923,TRUE,Animal Based,257,Animal Based / 257,Appearance,95,4.842105263157895,6.136842105263158,-1.2947368421052632,1.9067276424155664,0.1956261284440734,-1.6197160246481141,-0.9697576595624121,-1.6831571059725783,-0.9063165782379482,-1.6197160246481141,1.6197160246481141,-0.6790360685519861,-0.6736037800035701,-0.7843058350100603,0.4105263157894737,39,0.14736842105263157,0.2631578947368421,0.5894736842105263,2.21635561066495e-9,7.646621948137748e-9,2000,-1.6842105263157894,-0.9157894736842105,-0.8682616186881916,-0.5128143423690983,source-designated leader,1,0.9323710012849082,FALSE,Does not meet NI criterion,1,0.9999999999996891,FALSE,FALSE,,,,
Unbreaded_Chicken_Filets,Unbreaded Chicken Filets,whole-muscle-like filet,Plant-based Leader,413,Plant-based Leader / 413,TRUE,Animal-based (Perdue),491,Animal-based (Perdue) / 491,Appearance,103,4.815533980582524,5.495145631067961,-0.6796116504854369,1.9210576755537851,0.1892874372765386,-0.9938155416953658,-0.3654077592755081,-1.0550623848289695,-0.3041609161419042,-0.9938155416953658,0.9938155416953658,-0.35376951932977474,-0.3511618815951572,-0.4616216216216216,0.49514563106796117,51,0.21359223300970873,0.2815533980582524,0.5048543689320388,5.096197356241665e-4,4.7361313398270943e-4,2000,-1.0487864077669902,-0.30097087378640774,-0.5674602496012855,-0.1555841518892023,source-designated leader,1,0.04679183413738254,TRUE,Meets NI criterion,0.3275428389616778,0.08188570974041945,FALSE,FALSE,,,,
Unbreaded_Chicken_StripsandChunks,Unbreaded Chicken Strips and Chunks,whole-muscle-like chunks,Plant-based Leader,702,Plant-based Leader / 702,TRUE,Animal-based (Tyson),674,Animal-based (Tyson) / 674,Appearance,98,4.255102040816326,5.683673469387755,-1.4285714285714286,2.030692330267238,0.20513090246221088,-1.7692353152781435,-1.0879075418647137,-1.8356994868561518,-1.0214433702867054,-1.7692353152781435,1.7692353152781435,-0.703489842985436,-0.69803643334989,-0.8033362598770851,0.40816326530612246,40,0.09183673469387756,0.3163265306122449,0.5918367346938775,3.95541406538864e-10,8.945647734213487e-9,2000,-1.816326530612245,-1.030612244897959,-0.9200136550677325,-0.49708517779664024,source-designated leader,1,0.9803490143297569,FALSE,Does not meet NI criterion,1,0.9999999999996891,FALSE,FALSE,,,,
Bacon,Bacon,processed/strip,Plant-based Leader,334,Plant-based Leader / 334,TRUE,Animal-based (Oscar Mayer),674,Animal-based (Oscar Mayer) / 674,Similarity,92,3.2717391304347827,6.043478260869565,-2.7717391304347827,2.2390307011405146,0.23343508735205787,-3.1596548251757395,-2.383823435693826,-3.235429254990625,-2.3080490058789405,-3.1596548251757395,3.1596548251757395,-1.2379192161246015,-1.2276884788012579,-0.9253077975376197,0.16304347826086957,15,0.08695652173913043,0.07608695652173914,0.8369565217391305,3.422754985321366e-20,1.0465391300882276e-13,2000,-3.217391304347826,-2.3043478260869565,-1.5793346130327086,-0.9530259360058526,source-designated leader,0.3,1,FALSE,Does not meet NI criterion,1,1,FALSE,FALSE,,,,
Bratwurst,Bratwurst,processed/sausage,Plant-based Leader,702,Plant-based Leader / 702,TRUE,Animal-based (Johnsonville),491,Animal-based (Johnsonville) / 491,Similarity,106,4.254716981132075,5.622641509433962,-1.3679245283018868,1.9727933867059488,0.19161463258593953,-1.685908126471442,-1.0499409301323317,-1.747860948475914,-0.9879881081278596,-1.685908126471442,1.685908126471442,-0.6933947252256175,-0.6884300851882026,-0.7566997892201144,0.3584905660377358,38,0.12264150943396226,0.2358490566037736,0.6415094339622641,1.2699612922683883e-10,2.3926346274473243e-9,2000,-1.7455188679245282,-1,-0.9356789055971634,-0.4911484908248551,source-designated leader,0.3,0.9999999025984159,FALSE,Does not meet NI criterion,1,1,FALSE,FALSE,,,,
Breaded_Chicken_Filets,Breaded Chicken Filets,breaded/coated,Plant-based Leader,491,Plant-based Leader / 491,TRUE,Animal-based (Tyson),396,Animal-based (Tyson) / 396,Similarity,78,3.8205128205128207,4.5,-0.6794871794871795,2.122811109431785,0.24036102670366202,-1.0796605362056129,-0.27931382276874606,-1.1581071303909114,-0.20086722858344758,-1.0796605362056129,1.0796605362056129,-0.32008838491007263,-0.3169604853832641,-0.4190531852717709,0.5384615384615384,42,0.28205128205128205,0.2564102564102564,0.46153846153846156,0.005985293063044016,0.005153136245517798,2000,-1.1538461538461537,-0.19230769230769232,-0.5556846685482324,-0.09257050418040472,source-designated leader,0.3,0.9407617119356129,FALSE,Does not meet NI criterion,1,1,FALSE,FALSE,,,,
Breakfast_Sausages,Breakfast Sausages,processed/sausage,Plant-based Leader,413,Plant-based Leader / 413,TRUE,Animal-based (Jimmy Dean),674,Animal-based (Jimmy Dean) / 674,Similarity,104,4.144230769230769,5.076923076923077,-0.9326923076923077,2.493737488527577,0.24453107914961497,-1.3385606581553793,-0.5268239572292361,-1.4176620292524993,-0.4477225861321162,-1.3385606581553793,1.3385606581553793,-0.3740138294359982,-0.3712838014839106,-0.48717948717948717,0.47115384615384615,49,0.21153846153846154,0.25961538461538464,0.5288461538461539,2.3314490116997435e-4,1.809226966572862e-4,2000,-1.3944711538461538,-0.4519230769230769,-0.586330242778448,-0.17424325422155681,source-designated leader,0.3,0.9944669605080221,FALSE,Does not meet NI criterion,1,1,FALSE,FALSE,,,,
Burgers,Burgers,comminuted/patty,Plant-based Leader,922,Plant-based Leader / 922,TRUE,Animal-based (Bubba),801,Animal-based (Bubba) / 801,Similarity,113,4.256637168141593,5.106194690265487,-0.8495575221238938,1.9830587797374553,0.18655047773303357,-1.1589650383792316,-0.5401500058685561,-1.2191833807558363,-0.47993166349195127,-1.1589650383792316,1.1589650383792316,-0.4284076351162773,-0.4255324160886513,-0.5268414481897628,0.4247787610619469,48,0.21238938053097345,0.21238938053097345,0.5752212389380531,1.3462077007037446e-5,1.1725430893513667e-5,2000,-1.2035398230088497,-0.504424778761062,-0.6423816992531296,-0.24996374279873998,source-designated leader,0.3,0.9980410509215489,FALSE,Does not meet NI criterion,1,1,FALSE,FALSE,,,,
Chicken_Nuggets,Chicken Nuggets,breaded/coated,Plant-based Leader,206,Plant-based Leader / 206,TRUE,Animal-based (Tyson),801,Animal-based (Tyson) / 801,Similarity,97,4.783505154639175,4.247422680412371,0.5360824742268041,2.2824596366917747,0.2317486639187267,0.1511754195041124,0.9209895289494958,0.07606501213184114,0.9960999363217671,0.1511754195041124,0,0.23487051670443063,0.23303079986340375,0.31173639392817476,0.7010309278350515,68,0.4536082474226804,0.24742268041237114,0.29896907216494845,0.022845834532072208,0.019795886848664512,2000,0.07216494845360824,0.9896907216494846,0.03178560666471282,0.45273009821855903,source-designated leader,0.3,2.463667759988555e-4,TRUE,Meets NI criterion,0.0034491348639839768,0.0034491348639839768,TRUE,TRUE,,,,
Deli_Ham,Deli Ham,processed/deli,Plant-based Leader,923,Plant-based Leader / 923,TRUE,Animal-based (Oscar Mayer),674,Animal-based (Oscar Mayer) / 674,Similarity,105,4.6761904761904765,5.723809523809524,-1.0476190476190477,2.1410859590985796,0.2089485943673384,-1.3943979571830314,-0.700840138055064,-1.4619719513555056,-0.6332661438825896,-1.3943979571830314,1.3943979571830314,-0.4892933154631992,-0.48575625535141703,-0.5707250341997264,0.41904761904761906,44,0.22857142857142856,0.19047619047619047,0.580952380952381,2.2035420982007737e-6,3.975110717385423e-6,2000,-1.4478571428571427,-0.638095238095238,-0.6972784504885375,-0.29328023115788243,source-designated leader,0.3,0.9997362778434107,FALSE,Does not meet NI criterion,1,1,FALSE,FALSE,,,,
Deli_Turkey,Deli Turkey,processed/deli,Plant-based Leader,491,Plant-based Leader / 491,TRUE,Animal-based (Oscar Mayer),413,Animal-based (Oscar Mayer) / 413,Similarity,102,4.254901960784314,5.4411764705882355,-1.1862745098039216,2.267857156505699,0.2245513191336185,-1.559047805231054,-0.81350121437678935,-1.631723923323859,-0.7408250962839842,-1.559047805231054,1.559047805231054,-0.5230816704662856,-0.519187762249415,-0.599480688088283,0.4117647058823529,42,0.17647058823529413,0.23529411764705882,0.5882352941176471,7.342270626125067e-7,3.6103621881985177e-6,2000,-1.6276960784313725,-0.7450980392156863,-0.7310298218947343,-0.3277948726008009,source-designated leader,0.3,0.9999267459980925,FALSE,Does not meet NI criterion,1,1,FALSE,FALSE,,,,
Hot_Dogs,Hot Dogs,processed/sausage,Plant-based Leader,164,Plant-based Leader / 164,TRUE,Animal-based (Ball Park),801,Animal-based (Ball Park) / 801,Similarity,88,4.488636363636363,5.295454545454546,-0.8068181818181818,2.4347010227152017,0.2595400010773092,-1.2383183180758883,-0.3753180455604753,-1.3226820373630779,-0.29095432627328577,-1.2383183180758883,1.2383183180758883,-0.3313828573984047,-0.3285178759223378,-0.3857589984350548,0.4772727272727273,42,0.2840909090909091,0.19318181818181818,0.5227272727272727,0.0025398937166276466,0.004356268728302019,2000,-1.3181818181818181,-0.3068181818181818,-0.5437990873714529,-0.12733760646599768,source-designated leader,0.3,0.9729682961106709,FALSE,Does not meet NI criterion,1,1,FALSE,FALSE,,,,
Meatballs,Meatballs,comminuted/meatball,Plant-based Leader,859,Plant-based Leader / 859,TRUE,Animal-based (Cooked Perfect),923,Animal-based (Cooked Perfect) / 923,Similarity,99,5.070707070707071,5.717171717171717,-0.6464646464646465,1.9394567475914977,0.1949227372389096,-0.970143835020502,-0.322785457908791,-1.033282474658971,-0.259646818270322,-0.970143835020502,0.970143835020502,-0.3333225385239731,-0.33076507659156407,-0.4231782265144864,0.5151515151515151,51,0.1919191919191919,0.32323232323232326,0.48484848484848486,0.0012793672870167838,0.0022164774930783877,2000,-1.0305555555555554,-0.26262626262626265,-0.5443638566934971,-0.1384666005111876,source-designated leader,0.3,0.9607014744899876,FALSE,Does not meet NI criterion,1,1,FALSE,FALSE,,,,
Pulled_Pork,Pulled Pork,shredded/pulled,Plant-based Leader,651,Plant-based Leader / 651,TRUE,Animal-based (Kirkland),164,Animal-based (Kirkland) / 164,Similarity,101,4.346534653465347,5.673267326732673,-1.3267326732673268,2.2004949938188414,0.21895743557206473,-1.6902533237556878,-0.9632120227789658,-1.7611379892112589,-0.8923273573233947,-1.6902533237556878,1.6902533237556878,-0.6029246496784131,-0.5983913816357183,-0.6544225683220688,0.36633663366336633,37,0.1782178217821782,0.18811881188118812,0.6336633663366337,2.4241325541173383e-8,2.0997251122930492e-7,2000,-1.7425742574257426,-0.9108910891089109,-0.8111381786067521,-0.4123845222096857,source-designated leader,0.3,0.9999956514742085,FALSE,Does not meet NI criterion,1,1,FALSE,FALSE,,,,
Steak,Steak,whole-cut-like,Plant-based Leader,923,Plant-based Leader / 923,TRUE,Animal Based,257,Animal Based / 257,Similarity,95,3.5578947368421052,5.831578947368421,-2.2736842105263158,2.3175652358931305,0.23777717615714755,-2.6686858033579623,-1.878682617694669,-2.745796367727177,-1.8015720533254544,-2.6686858033579623,2.6686858033579623,-0.9810658942034466,-0.973217367049819,-0.8743827160493827,0.23157894736842105,22,0.07368421052631578,0.15789473684210525,0.7684210526315789,1.5669279170284911e-15,9.03541874449055e-12,2000,-2.7263157894736842,-1.8,-1.2876171748722214,-0.732380387395693,source-designated leader,0.3,0.9999999999996277,FALSE,Does not meet NI criterion,1,1,FALSE,FALSE,,,,
Unbreaded_Chicken_Filets,Unbreaded Chicken Filets,whole-muscle-like filet,Plant-based Leader,413,Plant-based Leader / 413,TRUE,Animal-based (Perdue),491,Animal-based (Perdue) / 491,Similarity,103,3.9902912621359223,5.097087378640777,-1.1067961165048543,2.4290425022283637,0.23934066953510622,-1.5040848683349843,-0.7095073646747243,-1.5815271997090024,-0.6320650333007063,-1.5040848683349843,1.5040848683349843,-0.4556511940361265,-0.4522925857262779,-0.5263298583266506,0.4368932038834951,45,0.27184466019417475,0.1650485436893204,0.5631067961165048,1.105054600604708e-5,2.00185977483466e-5,2000,-1.5436893203883495,-0.6407766990291263,-0.6712903955378673,-0.26469212070136566,source-designated leader,0.3,0.9994704509584902,FALSE,Does not meet NI criterion,1,1,FALSE,FALSE,,,,
Unbreaded_Chicken_StripsandChunks,Unbreaded Chicken Strips and Chunks,whole-muscle-like chunks,Plant-based Leader,702,Plant-based Leader / 702,TRUE,Animal-based (Tyson),674,Animal-based (Tyson) / 674,Similarity,98,3.2755102040816326,5.418367346938775,-2.142857142857143,2.283964720690936,0.23071527742734282,-2.526009374859318,-1.7597049108549676,-2.600763103334839,-1.6849511823794465,-2.526009374859318,2.526009374859318,-0.9382181447219965,-0.9309451358481825,-0.8508318990246702,0.24489795918367346,24,0.09183673469387756,0.15306122448979592,0.7551020408163265,4.6275068061534566e-15,1.3698664787907986e-11,2000,-2.5918367346938775,-1.6734693877551021,-1.2605189470120708,-0.6730706362817868,source-designated leader,0.3,0.9999999999985743,FALSE,Does not meet NI criterion,1,1,FALSE,FALSE,,,,
Bacon,Bacon,processed/strip,Plant-based Leader,334,Plant-based Leader / 334,TRUE,Animal-based (Oscar Mayer),674,Animal-based (Oscar Mayer) / 674,Similarity,92,3.2717391304347827,6.043478260869565,-2.7717391304347827,2.2390307011405146,0.23343508735205787,-3.1596548251757395,-2.383823435693826,-3.235429254990625,-2.3080490058789405,-3.1596548251757395,3.1596548251757395,-1.2379192161246015,-1.2276884788012579,-0.9253077975376197,0.16304347826086957,15,0.08695652173913043,0.07608695652173914,0.8369565217391305,3.422754985321366e-20,1.0465391300882276e-13,2000,-3.217391304347826,-2.3043478260869565,-1.5793346130327086,-0.9530259360058526,source-designated leader,0.5,0.9999999999999996,FALSE,Does not meet NI criterion,1,0.9999999999999996,FALSE,FALSE,,,1,FALSE
Bratwurst,Bratwurst,processed/sausage,Plant-based Leader,702,Plant-based Leader / 702,TRUE,Animal-based (Johnsonville),491,Animal-based (Johnsonville) / 491,Similarity,106,4.254716981132075,5.622641509433962,-1.3679245283018868,1.9727933867059488,0.19161463258593953,-1.685908126471442,-1.0499409301323317,-1.747860948475914,-0.9879881081278596,-1.685908126471442,1.685908126471442,-0.6933947252256175,-0.6884300851882026,-0.7566997892201144,0.3584905660377358,38,0.12264150943396226,0.2358490566037736,0.6415094339622641,1.2699612922683883e-10,2.3926346274473243e-9,2000,-1.7455188679245282,-1,-0.9356789055971634,-0.4911484908248551,source-designated leader,0.5,0.9999921579409337,FALSE,Does not meet NI criterion,1,0.9999999999999996,FALSE,FALSE,,,1,FALSE
Breaded_Chicken_Filets,Breaded Chicken Filets,breaded/coated,Plant-based Leader,491,Plant-based Leader / 491,TRUE,Animal-based (Tyson),396,Animal-based (Tyson) / 396,Similarity,78,3.8205128205128207,4.5,-0.6794871794871795,2.122811109431785,0.24036102670366202,-1.0796605362056129,-0.27931382276874606,-1.1581071303909114,-0.20086722858344758,-1.0796605362056129,1.0796605362056129,-0.32008838491007263,-0.3169604853832641,-0.4190531852717709,0.5384615384615384,42,0.28205128205128205,0.2564102564102564,0.46153846153846156,0.005985293063044016,0.005153136245517798,2000,-1.1538461538461537,-0.19230769230769232,-0.5556846685482324,-0.09257050418040472,source-designated leader,0.5,0.7712526891900855,FALSE,Does not meet NI criterion,1,0.9999999999999996,FALSE,FALSE,,,1,FALSE
Breakfast_Sausages,Breakfast Sausages,processed/sausage,Plant-based Leader,413,Plant-based Leader / 413,TRUE,Animal-based (Jimmy Dean),674,Animal-based (Jimmy Dean) / 674,Similarity,104,4.144230769230769,5.076923076923077,-0.9326923076923077,2.493737488527577,0.24453107914961497,-1.3385606581553793,-0.5268239572292361,-1.4176620292524993,-0.4477225861321162,-1.3385606581553793,1.3385606581553793,-0.3740138294359982,-0.3712838014839106,-0.48717948717948717,0.47115384615384615,49,0.21153846153846154,0.25961538461538464,0.5288461538461539,2.3314490116997435e-4,1.809226966572862e-4,2000,-1.3944711538461538,-0.4519230769230769,-0.586330242778448,-0.17424325422155681,source-designated leader,0.5,0.9601131414373492,FALSE,Does not meet NI criterion,1,0.9999999999999996,FALSE,FALSE,,,1,FALSE
Burgers,Burgers,comminuted/patty,Plant-based Leader,922,Plant-based Leader / 922,TRUE,Animal-based (Bubba),801,Animal-based (Bubba) / 801,Similarity,113,4.256637168141593,5.106194690265487,-0.8495575221238938,1.9830587797374553,0.18655047773303357,-1.1589650383792316,-0.5401500058685561,-1.2191833807558363,-0.47993166349195127,-1.1589650383792316,1.1589650383792316,-0.4284076351162773,-0.4255324160886513,-0.5268414481897628,0.4247787610619469,48,0.21238938053097345,0.21238938053097345,0.5752212389380531,1.3462077007037446e-5,1.1725430893513667e-5,2000,-1.2035398230088497,-0.504424778761062,-0.6423816992531296,-0.24996374279873998,source-designated leader,0.5,0.968217568333537,FALSE,Does not meet NI criterion,1,0.9999999999999996,FALSE,FALSE,,,1,FALSE
Chicken_Nuggets,Chicken Nuggets,breaded/coated,Plant-based Leader,206,Plant-based Leader / 206,TRUE,Animal-based (Tyson),801,Animal-based (Tyson) / 801,Similarity,97,4.783505154639175,4.247422680412371,0.5360824742268041,2.2824596366917747,0.2317486639187267,0.1511754195041124,0.9209895289494958,0.07606501213184114,0.9960999363217671,0.1511754195041124,0,0.23487051670443063,0.23303079986340375,0.31173639392817476,0.7010309278350515,68,0.4536082474226804,0.24742268041237114,0.29896907216494845,0.022845834532072208,0.019795886848664512,2000,0.07216494845360824,0.9896907216494846,0.03178560666471282,0.45273009821855903,source-designated leader,0.5,1.0680703673047946e-5,TRUE,Meets NI criterion,1.4952985142267124e-4,1.4952985142267124e-4,TRUE,TRUE,,,7.369685534403083e-4,TRUE
Deli_Ham,Deli Ham,processed/deli,Plant-based Leader,923,Plant-based Leader / 923,TRUE,Animal-based (Oscar Mayer),674,Animal-based (Oscar Mayer) / 674,Similarity,105,4.6761904761904765,5.723809523809524,-1.0476190476190477,2.1410859590985796,0.2089485943673384,-1.3943979571830314,-0.700840138055064,-1.4619719513555056,-0.6332661438825896,-1.3943979571830314,1.3943979571830314,-0.4892933154631992,-0.48575625535141703,-0.5707250341997264,0.41904761904761906,44,0.22857142857142856,0.19047619047619047,0.580952380952381,2.2035420982007737e-6,3.975110717385423e-6,2000,-1.4478571428571427,-0.638095238095238,-0.6972784504885375,-0.29328023115788243,source-designated leader,0.5,0.9949572106244509,FALSE,Does not meet NI criterion,1,0.9999999999999996,FALSE,FALSE,,,1,FALSE
Deli_Turkey,Deli Turkey,processed/deli,Plant-based Leader,491,Plant-based Leader / 491,TRUE,Animal-based (Oscar Mayer),413,Animal-based (Oscar Mayer) / 413,Similarity,102,4.254901960784314,5.4411764705882355,-1.1862745098039216,2.267857156505699,0.2245513191336185,-1.559047805231054,-0.81350121437678935,-1.631723923323859,-0.7408250962839842,-1.559047805231054,1.559047805231054,-0.5230816704662856,-0.519187762249415,-0.599480688088283,0.4117647058823529,42,0.17647058823529413,0.23529411764705882,0.5882352941176471,7.342270626125067e-7,3.6103621881985177e-6,2000,-1.6276960784313725,-0.7450980392156863,-0.7310298218947343,-0.3277948726008009,source-designated leader,0.5,0.9985660049977636,FALSE,Does not meet NI criterion,1,0.9999999999999996,FALSE,FALSE,,,1,FALSE
Hot_Dogs,Hot Dogs,processed/sausage,Plant-based Leader,164,Plant-based Leader / 164,TRUE,Animal-based (Ball Park),801,Animal-based (Ball Park) / 801,Similarity,88,4.488636363636363,5.295454545454546,-0.8068181818181818,2.4347010227152017,0.2595400010773092,-1.2383183180758883,-0.3753180455604753,-1.3226820373630779,-0.29095432627328577,-1.2383183180758883,1.2383183180758883,-0.3313828573984047,-0.3285178759223378,-0.3857589984350548,0.4772727272727273,42,0.2840909090909091,0.19318181818181818,0.5227272727272727,0.0025398937166276466,0.004356268728302019,2000,-1.3181818181818181,-0.3068181818181818,-0.5437990873714529,-0.12733760646599768,source-designated leader,0.5,0.8798186891665226,FALSE,Does not meet NI criterion,1,0.9999999999999996,FALSE,FALSE,,,1,FALSE
Meatballs,Meatballs,comminuted/meatball,Plant-based Leader,859,Plant-based Leader / 859,TRUE,Animal-based (Cooked Perfect),923,Animal-based (Cooked Perfect) / 923,Similarity,99,5.070707070707071,5.717171717171717,-0.6464646464646465,1.9394567475914977,0.1949227372389096,-0.970143835020502,-0.322785457908791,-1.033282474658971,-0.259646818270322,-0.970143835020502,0.970143835020502,-0.3333225385239731,-0.33076507659156407,-0.4231782265144864,0.5151515151515151,51,0.1919191919191919,0.32323232323232326,0.48484848484848486,0.0012793672870167838,0.0022164774930783877,2000,-1.0305555555555554,-0.26262626262626265,-0.5443638566934971,-0.1384666005111876,source-designated leader,0.5,0.7728932224448666,FALSE,Does not meet NI criterion,1,0.9999999999999996,FALSE,FALSE,,,1,FALSE
Pulled_Pork,Pulled Pork,shredded/pulled,Plant-based Leader,651,Plant-based Leader / 651,TRUE,Animal-based (Kirkland),164,Animal-based (Kirkland) / 164,Similarity,101,4.346534653465347,5.673267326732673,-1.3267326732673268,2.2004949938188414,0.21895743557206473,-1.6902533237556878,-0.9632120227789658,-1.7611379892112589,-0.8923273573233947,-1.6902533237556878,1.6902533237556878,-0.6029246496784131,-0.5983913816357183,-0.6544225683220688,0.36633663366336633,37,0.1782178217821782,0.18811881188118812,0.6336633663366337,2.4241325541173383e-8,2.0997251122930492e-7,2000,-1.7425742574257426,-0.9108910891089109,-0.8111381786067521,-0.4123845222096857,source-designated leader,0.5,0.9998645640243424,FALSE,Does not meet NI criterion,1,0.9999999999999996,FALSE,FALSE,,,1,FALSE
Steak,Steak,whole-cut-like,Plant-based Leader,923,Plant-based Leader / 923,TRUE,Animal Based,257,Animal Based / 257,Similarity,95,3.5578947368421052,5.831578947368421,-2.2736842105263158,2.3175652358931305,0.23777717615714755,-2.6686858033579623,-1.878682617694669,-2.745796367727177,-1.8015720533254544,-2.6686858033579623,2.6686858033579623,-0.9810658942034466,-0.973217367049819,-0.8743827160493827,0.23157894736842105,22,0.07368421052631578,0.15789473684210525,0.7684210526315789,1.5669279170284911e-15,9.03541874449055e-12,2000,-2.7263157894736842,-1.8,-1.2876171748722214,-0.732380387395693,source-designated leader,0.5,0.9999999999786202,FALSE,Does not meet NI criterion,1,0.9999999999999996,FALSE,FALSE,,,1,FALSE
Unbreaded_Chicken_Filets,Unbreaded Chicken Filets,whole-muscle-like filet,Plant-based Leader,413,Plant-based Leader / 413,TRUE,Animal-based (Perdue),491,Animal-based (Perdue) / 491,Similarity,103,3.9902912621359223,5.097087378640777,-1.1067961165048543,2.4290425022283637,0.23934066953510622,-1.5040848683349843,-0.7095073646747243,-1.5815271997090024,-0.6320650333007063,-1.5040848683349843,1.5040848683349843,-0.4556511940361265,-0.4522925857262779,-0.5263298583266506,0.4368932038834951,45,0.27184466019417475,0.1650485436893204,0.5631067961165048,1.105054600604708e-5,2.00185977483466e-5,2000,-1.5436893203883495,-0.6407766990291263,-0.6712903955378673,-0.26469212070136566,source-designated leader,0.5,0.9936230602659972,FALSE,Does not meet NI criterion,1,0.9999999999999996,FALSE,FALSE,,,1,FALSE
Unbreaded_Chicken_StripsandChunks,Unbreaded Chicken Strips and Chunks,whole-muscle-like chunks,Plant-based Leader,702,Plant-based Leader / 702,TRUE,Animal-based (Tyson),674,Animal-based (Tyson) / 674,Similarity,98,3.2755102040816326,5.418367346938775,-2.142857142857143,2.283964720690936,0.23071527742734282,-2.526009374859318,-1.7597049108549676,-2.600763103334839,-1.6849511823794465,-2.526009374859318,2.526009374859318,-0.9382181447219965,-0.9309451358481825,-0.8508318990246702,0.24489795918367346,24,0.09183673469387756,0.15306122448979592,0.7551020408163265,4.6275068061534566e-15,1.3698664787907986e-11,2000,-2.5918367346938775,-1.6734693877551021,-1.2605189470120708,-0.6730706362817868,source-designated leader,0.5,0.9999999999059461,FALSE,Does not meet NI criterion,1,0.9999999999999996,FALSE,FALSE,,,1,FALSE
Bacon,Bacon,processed/strip,Plant-based Leader,334,Plant-based Leader / 334,TRUE,Animal-based (Oscar Mayer),674,Animal-based (Oscar Mayer) / 674,Similarity,92,3.2717391304347827,6.043478260869565,-2.7717391304347827,2.2390307011405146,0.23343508735205787,-3.1596548251757395,-2.383823435693826,-3.235429254990625,-2.3080490058789405,-3.1596548251757395,3.1596548251757395,-1.2379192161246015,-1.2276884788012579,-0.9253077975376197,0.16304347826086957,15,0.08695652173913043,0.07608695652173914,0.8369565217391305,3.422754985321366e-20,1.0465391300882276e-13,2000,-3.217391304347826,-2.3043478260869565,-1.5793346130327086,-0.9530259360058526,source-designated leader,0.7,0.9999999999999711,FALSE,Does not meet NI criterion,1,0.9999999999999711,FALSE,FALSE,,,,
Bratwurst,Bratwurst,processed/sausage,Plant-based Leader,702,Plant-based Leader / 702,TRUE,Animal-based (Johnsonville),491,Animal-based (Johnsonville) / 491,Similarity,106,4.254716981132075,5.622641509433962,-1.3679245283018868,1.9727933867059488,0.19161463258593953,-1.685908126471442,-1.0499409301323317,-1.747860948475914,-0.9879881081278596,-1.685908126471442,1.685908126471442,-0.6933947252256175,-0.6884300851882026,-0.7566997892201144,0.3584905660377358,38,0.12264150943396226,0.2358490566037736,0.6415094339622641,1.2699612922683883e-10,2.3926346274473243e-9,2000,-1.7455188679245282,-1,-0.9356789055971634,-0.4911484908248551,source-designated leader,0.7,0.9996412516605273,FALSE,Does not meet NI criterion,1,0.9999999999999711,FALSE,FALSE,,,,
Breaded_Chicken_Filets,Breaded Chicken Filets,breaded/coated,Plant-based Leader,491,Plant-based Leader / 491,TRUE,Animal-based (Tyson),396,Animal-based (Tyson) / 396,Similarity,78,3.8205128205128207,4.5,-0.6794871794871795,2.122811109431785,0.24036102670366202,-1.0796605362056129,-0.27931382276874606,-1.1581071303909114,-0.20086722858344758,-1.0796605362056129,1.0796605362056129,-0.32008838491007263,-0.3169604853832641,-0.4190531852717709,0.5384615384615384,42,0.28205128205128205,0.2564102564102564,0.46153846153846156,0.005985293063044016,0.005153136245517798,2000,-1.1538461538461537,-0.19230769230769232,-0.5556846685482324,-0.09257050418040472,source-designated leader,0.7,0.4661056239813558,FALSE,Does not meet NI criterion,1,0.9999999999999711,FALSE,FALSE,,,,
Breakfast_Sausages,Breakfast Sausages,processed/sausage,Plant-based Leader,413,Plant-based Leader / 413,TRUE,Animal-based (Jimmy Dean),674,Animal-based (Jimmy Dean) / 674,Similarity,104,4.144230769230769,5.076923076923077,-0.9326923076923077,2.493737488527577,0.24453107914961497,-1.3385606581553793,-0.5268239572292361,-1.4176620292524993,-0.4477225861321162,-1.3385606581553793,1.3385606581553793,-0.3740138294359982,-0.3712838014839106,-0.48717948717948717,0.47115384615384615,49,0.21153846153846154,0.25961538461538464,0.5288461538461539,2.3314490116997435e-4,1.809226966572862e-4,2000,-1.3944711538461538,-0.4519230769230769,-0.586330242778448,-0.17424325422155681,source-designated leader,0.7,0.8282326244296236,FALSE,Does not meet NI criterion,1,0.9999999999999711,FALSE,FALSE,,,,
Burgers,Burgers,comminuted/patty,Plant-based Leader,922,Plant-based Leader / 922,TRUE,Animal-based (Bubba),801,Animal-based (Bubba) / 801,Similarity,113,4.256637168141593,5.106194690265487,-0.8495575221238938,1.9830587797374553,0.18655047773303357,-1.1589650383792316,-0.5401500058685561,-1.2191833807558363,-0.47993166349195127,-1.1589650383792316,1.1589650383792316,-0.4284076351162773,-0.4255324160886513,-0.5268414481897628,0.4247787610619469,48,0.21238938053097345,0.21238938053097345,0.5752212389380531,1.3462077007037446e-5,1.1725430893513667e-5,2000,-1.2035398230088497,-0.504424778761062,-0.6423816992531296,-0.24996374279873998,source-designated leader,0.7,0.7877879158885901,FALSE,Does not meet NI criterion,1,0.9999999999999711,FALSE,FALSE,,,,
Chicken_Nuggets,Chicken Nuggets,breaded/coated,Plant-based Leader,206,Plant-based Leader / 206,TRUE,Animal-based (Tyson),801,Animal-based (Tyson) / 801,Similarity,97,4.783505154639175,4.247422680412371,0.5360824742268041,2.2824596366917747,0.2317486639187267,0.1511754195041124,0.9209895289494958,0.07606501213184114,0.9960999363217671,0.1511754195041124,0,0.23487051670443063,0.23303079986340375,0.31173639392817476,0.7010309278350515,68,0.4536082474226804,0.24742268041237114,0.29896907216494845,0.022845834532072208,0.019795886848664512,2000,0.07216494845360824,0.9896907216494846,0.03178560666471282,0.45273009821855903,source-designated leader,0.7,3.197029666858533e-7,TRUE,Meets NI criterion,4.475841533601947e-6,4.475841533601947e-6,TRUE,TRUE,,,,
Deli_Ham,Deli Ham,processed/deli,Plant-based Leader,923,Plant-based Leader / 923,TRUE,Animal-based (Oscar Mayer),674,Animal-based (Oscar Mayer) / 674,Similarity,105,4.6761904761904765,5.723809523809524,-1.0476190476190477,2.1410859590985796,0.2089485943673384,-1.3943979571830314,-0.700840138055064,-1.4619719513555056,-0.6332661438825896,-1.3943979571830314,1.3943979571830314,-0.4892933154631992,-0.48575625535141703,-0.5707250341997264,0.41904761904761906,44,0.22857142857142856,0.19047619047619047,0.580952380952381,2.2035420982007737e-6,3.975110717385423e-6,2000,-1.4478571428571427,-0.638095238095238,-0.6972784504885375,-0.29328023115788243,source-designated leader,0.7,0.9504043423162273,FALSE,Does not meet NI criterion,1,0.9999999999999711,FALSE,FALSE,,,,
Deli_Turkey,Deli Turkey,processed/deli,Plant-based Leader,491,Plant-based Leader / 491,TRUE,Animal-based (Oscar Mayer),413,Animal-based (Oscar Mayer) / 413,Similarity,102,4.254901960784314,5.4411764705882355,-1.1862745098039216,2.267857156505699,0.2245513191336185,-1.559047805231054,-0.81350121437678935,-1.631723923323859,-0.7408250962839842,-1.559047805231054,1.559047805231054,-0.5230816704662856,-0.519187762249415,-0.599480688088283,0.4117647058823529,42,0.17647058823529413,0.23529411764705882,0.5882352941176471,7.342270626125067e-7,3.6103621881985177e-6,2000,-1.6276960784313725,-0.7450980392156863,-0.7310298218947343,-0.3277948726008009,source-designated leader,0.7,0.9836497574829702,FALSE,Does not meet NI criterion,1,0.9999999999999711,FALSE,FALSE,,,,
Hot_Dogs,Hot Dogs,processed/sausage,Plant-based Leader,164,Plant-based Leader / 164,TRUE,Animal-based (Ball Park),801,Animal-based (Ball Park) / 801,Similarity,88,4.488636363636363,5.295454545454546,-0.8068181818181818,2.4347010227152017,0.2595400010773092,-1.2383183180758883,-0.3753180455604753,-1.3226820373630779,-0.29095432627328577,-1.2383183180758883,1.2383183180758883,-0.3313828573984047,-0.3285178759223378,-0.3857589984350548,0.4772727272727273,42,0.2840909090909091,0.19318181818181818,0.5227272727272727,0.0025398937166276466,0.004356268728302019,2000,-1.3181818181818181,-0.3068181818181818,-0.5437990873714529,-0.12733760646599768,source-designated leader,0.7,0.6591656206109507,FALSE,Does not meet NI criterion,1,0.9999999999999711,FALSE,FALSE,,,,
Meatballs,Meatballs,comminuted/meatball,Plant-based Leader,859,Plant-based Leader / 859,TRUE,Animal-based (Cooked Perfect),923,Animal-based (Cooked Perfect) / 923,Similarity,99,5.070707070707071,5.717171717171717,-0.6464646464646465,1.9394567475914977,0.1949227372389096,-0.970143835020502,-0.322785457908791,-1.033282474658971,-0.259646818270322,-0.970143835020502,0.970143835020502,-0.3333225385239731,-0.33076507659156407,-0.4231782265144864,0.5151515151515151,51,0.1919191919191919,0.32323232323232326,0.48484848484848486,0.0012793672870167838,0.0022164774930783877,2000,-1.0305555555555554,-0.26262626262626265,-0.5443638566934971,-0.1384666005111876,source-designated leader,0.7,0.39208199744923383,FALSE,Does not meet NI criterion,1,0.9999999999999711,FALSE,FALSE,,,,
Pulled_Pork,Pulled Pork,shredded/pulled,Plant-based Leader,651,Plant-based Leader / 651,TRUE,Animal-based (Kirkland),164,Animal-based (Kirkland) / 164,Similarity,101,4.346534653465347,5.673267326732673,-1.3267326732673268,2.2004949938188414,0.21895743557206473,-1.6902533237556878,-0.9632120227789658,-1.7611379892112589,-0.8923273573233947,-1.6902533237556878,1.6902533237556878,-0.6029246496784131,-0.5983913816357183,-0.6544225683220688,0.36633663366336633,37,0.1782178217821782,0.18811881188118812,0.6336633663366337,2.4241325541173383e-8,2.0997251122930492e-7,2000,-1.7425742574257426,-0.9108910891089109,-0.8111381786067521,-0.4123845222096857,source-designated leader,0.7,0.9974387455846019,FALSE,Does not meet NI criterion,1,0.9999999999999711,FALSE,FALSE,,,,
Steak,Steak,whole-cut-like,Plant-based Leader,923,Plant-based Leader / 923,TRUE,Animal Based,257,Animal Based / 257,Similarity,95,3.5578947368421052,5.831578947368421,-2.2736842105263158,2.3175652358931305,0.23777717615714755,-2.6686858033579623,-1.878682617694669,-2.745796367727177,-1.8015720533254544,-2.6686858033579623,2.6686858033579623,-0.9810658942034466,-0.973217367049819,-0.8743827160493827,0.23157894736842105,22,0.07368421052631578,0.15789473684210525,0.7684210526315789,1.5669279170284911e-15,9.03541874449055e-12,2000,-2.7263157894736842,-1.8,-1.2876171748722214,-0.732380387395693,source-designated leader,0.7,0.9999999988912595,FALSE,Does not meet NI criterion,1,0.9999999999999711,FALSE,FALSE,,,,
Unbreaded_Chicken_Filets,Unbreaded Chicken Filets,whole-muscle-like filet,Plant-based Leader,413,Plant-based Leader / 413,TRUE,Animal-based (Perdue),491,Animal-based (Perdue) / 491,Similarity,103,3.9902912621359223,5.097087378640777,-1.1067961165048543,2.4290425022283637,0.23934066953510622,-1.5040848683349843,-0.7095073646747243,-1.5815271997090024,-0.6320650333007063,-1.5040848683349843,1.5040848683349843,-0.4556511940361265,-0.4522925857262779,-0.5263298583266506,0.4368932038834951,45,0.27184466019417475,0.1650485436893204,0.5631067961165048,1.105054600604708e-5,2.00185977483466e-5,2000,-1.5436893203883495,-0.6407766990291263,-0.6712903955378673,-0.26469212070136566,source-designated leader,0.7,0.9538780437851186,FALSE,Does not meet NI criterion,1,0.9999999999999711,FALSE,FALSE,,,,
Unbreaded_Chicken_StripsandChunks,Unbreaded Chicken Strips and Chunks,whole-muscle-like chunks,Plant-based Leader,702,Plant-based Leader / 702,TRUE,Animal-based (Tyson),674,Animal-based (Tyson) / 674,Similarity,98,3.2755102040816326,5.418367346938775,-2.142857142857143,2.283964720690936,0.23071527742734282,-2.526009374859318,-1.7597049108549676,-2.600763103334839,-1.6849511823794465,-2.526009374859318,2.526009374859318,-0.9382181447219965,-0.9309451358481825,-0.8508318990246702,0.24489795918367346,24,0.09183673469387756,0.15306122448979592,0.7551020408163265,4.6275068061534566e-15,1.3698664787907986e-11,2000,-2.5918367346938775,-1.6734693877551021,-1.2605189470120708,-0.6730706362817868,source-designated leader,0.7,0.9999999946098828,FALSE,Does not meet NI criterion,1,0.9999999999999711,FALSE,FALSE,,,,
Bacon,Bacon,processed/strip,Plant-based Leader,334,Plant-based Leader / 334,TRUE,Animal-based (Oscar Mayer),674,Animal-based (Oscar Mayer) / 674,Similarity,92,3.2717391304347827,6.043478260869565,-2.7717391304347827,2.2390307011405146,0.23343508735205787,-3.1596548251757395,-2.383823435693826,-3.235429254990625,-2.3080490058789405,-3.1596548251757395,3.1596548251757395,-1.2379192161246015,-1.2276884788012579,-0.9253077975376197,0.16304347826086957,15,0.08695652173913043,0.07608695652173914,0.8369565217391305,3.422754985321366e-20,1.0465391300882276e-13,2000,-3.217391304347826,-2.3043478260869565,-1.5793346130327086,-0.9530259360058526,source-designated leader,1,0.999999999986584,FALSE,Does not meet NI criterion,1,0.999999999986584,FALSE,FALSE,,,,
Bratwurst,Bratwurst,processed/sausage,Plant-based Leader,702,Plant-based Leader / 702,TRUE,Animal-based (Johnsonville),491,Animal-based (Johnsonville) / 491,Similarity,106,4.254716981132075,5.622641509433962,-1.3679245283018868,1.9727933867059488,0.19161463258593953,-1.685908126471442,-1.0499409301323317,-1.747860948475914,-0.9879881081278596,-1.685908126471442,1.685908126471442,-0.6933947252256175,-0.6884300851882026,-0.7566997892201144,0.3584905660377358,38,0.12264150943396226,0.2358490566037736,0.6415094339622641,1.2699612922683883e-10,2.3926346274473243e-9,2000,-1.7455188679245282,-1,-0.9356789055971634,-0.4911484908248551,source-designated leader,1,0.9712224571070573,FALSE,Does not meet NI criterion,1,0.999999999986584,FALSE,FALSE,,,,
Breaded_Chicken_Filets,Breaded Chicken Filets,breaded/coated,Plant-based Leader,491,Plant-based Leader / 491,TRUE,Animal-based (Tyson),396,Animal-based (Tyson) / 396,Similarity,78,3.8205128205128207,4.5,-0.6794871794871795,2.122811109431785,0.24036102670366202,-1.0796605362056129,-0.27931382276874606,-1.1581071303909114,-0.20086722858344758,-1.0796605362056129,1.0796605362056129,-0.32008838491007263,-0.3169604853832641,-0.4190531852717709,0.5384615384615384,42,0.28205128205128205,0.2564102564102564,0.46153846153846156,0.005985293063044016,0.005153136245517798,2000,-1.1538461538461537,-0.19230769230769232,-0.5556846685482324,-0.09257050418040472,source-designated leader,1,0.09315547153369305,FALSE,Does not meet NI criterion,1,0.43472553382390094,FALSE,FALSE,,,,
Breakfast_Sausages,Breakfast Sausages,processed/sausage,Plant-based Leader,413,Plant-based Leader / 413,TRUE,Animal-based (Jimmy Dean),674,Animal-based (Jimmy Dean) / 674,Similarity,104,4.144230769230769,5.076923076923077,-0.9326923076923077,2.493737488527577,0.24453107914961497,-1.3385606581553793,-0.5268239572292361,-1.4176620292524993,-0.4477225861321162,-1.3385606581553793,1.3385606581553793,-0.3740138294359982,-0.3712838014839106,-0.48717948717948717,0.47115384615384615,49,0.21153846153846154,0.25961538461538464,0.5288461538461539,2.3314490116997435e-4,1.809226966572862e-4,2000,-1.3944711538461538,-0.4519230769230769,-0.586330242778448,-0.17424325422155681,source-designated leader,1,0.39183698683512636,FALSE,Does not meet NI criterion,1,0.9142863026152949,FALSE,FALSE,,,,
Burgers,Burgers,comminuted/patty,Plant-based Leader,922,Plant-based Leader / 922,TRUE,Animal-based (Bubba),801,Animal-based (Bubba) / 801,Similarity,113,4.256637168141593,5.106194690265487,-0.8495575221238938,1.9830587797374553,0.18655047773303357,-1.1589650383792316,-0.5401500058685561,-1.2191833807558363,-0.47993166349195127,-1.1589650383792316,1.1589650383792316,-0.4284076351162773,-0.4255324160886513,-0.5268414481897628,0.4247787610619469,48,0.21238938053097345,0.21238938053097345,0.5752212389380531,1.3462077007037446e-5,1.1725430893513667e-5,2000,-1.2035398230088497,-0.504424778761062,-0.6423816992531296,-0.24996374279873998,source-designated leader,1,0.21084804468892382,FALSE,Does not meet NI criterion,1,0.6421608429972424,FALSE,FALSE,,,,
Chicken_Nuggets,Chicken Nuggets,breaded/coated,Plant-based Leader,206,Plant-based Leader / 206,TRUE,Animal-based (Tyson),801,Animal-based (Tyson) / 801,Similarity,97,4.783505154639175,4.247422680412371,0.5360824742268041,2.2824596366917747,0.2317486639187267,0.1511754195041124,0.9209895289494958,0.07606501213184114,0.9960999363217671,0.1511754195041124,0,0.23487051670443063,0.23303079986340375,0.31173639392817476,0.7010309278350515,68,0.4536082474226804,0.24742268041237114,0.29896907216494845,0.022845834532072208,0.019795886848664512,2000,0.07216494845360824,0.9896907216494846,0.03178560666471282,0.45273009821855903,source-designated leader,1,9.903705634028293e-10,TRUE,Meets NI criterion,1.386518788763961e-8,1.386518788763961e-8,TRUE,TRUE,,,,
Deli_Ham,Deli Ham,processed/deli,Plant-based Leader,923,Plant-based Leader / 923,TRUE,Animal-based (Oscar Mayer),674,Animal-based (Oscar Mayer) / 674,Similarity,105,4.6761904761904765,5.723809523809524,-1.0476190476190477,2.1410859590985796,0.2089485943673384,-1.3943979571830314,-0.700840138055064,-1.4619719513555056,-0.6332661438825896,-1.3943979571830314,1.3943979571830314,-0.4892933154631992,-0.48575625535141703,-0.5707250341997264,0.41904761904761906,44,0.22857142857142856,0.19047619047619047,0.580952380952381,2.2035420982007737e-6,3.975110717385423e-6,2000,-1.4478571428571427,-0.638095238095238,-0.6972784504885375,-0.29328023115788243,source-designated leader,1,0.5899136531399918,FALSE,Does not meet NI criterion,1,0.999999999986584,FALSE,FALSE,,,,
Deli_Turkey,Deli Turkey,processed/deli,Plant-based Leader,491,Plant-based Leader / 491,TRUE,Animal-based (Oscar Mayer),413,Animal-based (Oscar Mayer) / 413,Similarity,102,4.254901960784314,5.4411764705882355,-1.1862745098039216,2.267857156505699,0.2245513191336185,-1.559047805231054,-0.81350121437678935,-1.631723923323859,-0.7408250962839842,-1.559047805231054,1.559047805231054,-0.5230816704662856,-0.519187762249415,-0.599480688088283,0.4117647058823529,42,0.17647058823529413,0.23529411764705882,0.5882352941176471,7.342270626125067e-7,3.6103621881985177e-6,2000,-1.6276960784313725,-0.7450980392156863,-0.7310298218947343,-0.3277948726008009,source-designated leader,1,0.795622643006097,FALSE,Does not meet NI criterion,1,0.999999999986584,FALSE,FALSE,,,,
Hot_Dogs,Hot Dogs,processed/sausage,Plant-based Leader,164,Plant-based Leader / 164,TRUE,Animal-based (Ball Park),801,Animal-based (Ball Park) / 801,Similarity,88,4.488636363636363,5.295454545454546,-0.8068181818181818,2.4347010227152017,0.2595400010773092,-1.2383183180758883,-0.3753180455604753,-1.3226820373630779,-0.29095432627328577,-1.2383183180758883,1.2383183180758883,-0.3313828573984047,-0.3285178759223378,-0.3857589984350548,0.4772727272727273,42,0.2840909090909091,0.19318181818181818,0.5227272727272727,0.0025398937166276466,0.004356268728302019,2000,-1.3181818181818181,-0.3068181818181818,-0.5437990873714529,-0.12733760646599768,source-designated leader,1,0.22934315821330087,FALSE,Does not meet NI criterion,1,0.6421608429972424,FALSE,FALSE,,,,
Meatballs,Meatballs,comminuted/meatball,Plant-based Leader,859,Plant-based Leader / 859,TRUE,Animal-based (Cooked Perfect),923,Animal-based (Cooked Perfect) / 923,Similarity,99,5.070707070707071,5.717171717171717,-0.6464646464646465,1.9394567475914977,0.1949227372389096,-0.970143835020502,-0.322785457908791,-1.033282474658971,-0.259646818270322,-0.970143835020502,0.970143835020502,-0.3333225385239731,-0.33076507659156407,-0.4231782265144864,0.5151515151515151,51,0.1919191919191919,0.32323232323232326,0.48484848484848486,0.0012793672870167838,0.0022164774930783877,2000,-1.0305555555555554,-0.26262626262626265,-0.5443638566934971,-0.1384666005111876,source-designated leader,1,0.03639057780805261,TRUE,Meets NI criterion,0.47307751150468397,0.2547340446563683,FALSE,FALSE,,,,
Pulled_Pork,Pulled Pork,shredded/pulled,Plant-based Leader,651,Plant-based Leader / 651,TRUE,Animal-based (Kirkland),164,Animal-based (Kirkland) / 164,Similarity,101,4.346534653465347,5.673267326732673,-1.3267326732673268,2.2004949938188414,0.21895743557206473,-1.6902533237556878,-0.9632120227789658,-1.7611379892112589,-0.8923273573233947,-1.6902533237556878,1.6902533237556878,-0.6029246496784131,-0.5983913816357183,-0.6544225683220688,0.36633663366336633,37,0.1782178217821782,0.18811881188118812,0.6336633663366337,2.4241325541173383e-8,2.0997251122930492e-7,2000,-1.7425742574257426,-0.9108910891089109,-0.8111381786067521,-0.4123845222096857,source-designated leader,1,0.9306051794370447,FALSE,Does not meet NI criterion,1,0.999999999986584,FALSE,FALSE,,,,
Steak,Steak,whole-cut-like,Plant-based Leader,923,Plant-based Leader / 923,TRUE,Animal Based,257,Animal Based / 257,Similarity,95,3.5578947368421052,5.831578947368421,-2.2736842105263158,2.3175652358931305,0.23777717615714755,-2.6686858033579623,-1.878682617694669,-2.745796367727177,-1.8015720533254544,-2.6686858033579623,2.6686858033579623,-0.9810658942034466,-0.973217367049819,-0.8743827160493827,0.23157894736842105,22,0.07368421052631578,0.15789473684210525,0.7684210526315789,1.5669279170284911e-15,9.03541874449055e-12,2000,-2.7263157894736842,-1.8,-1.2876171748722214,-0.732380387395693,source-designated leader,1,0.9999996998350289,FALSE,Does not meet NI criterion,1,0.999999999986584,FALSE,FALSE,,,,
Unbreaded_Chicken_Filets,Unbreaded Chicken Filets,whole-muscle-like filet,Plant-based Leader,413,Plant-based Leader / 413,TRUE,Animal-based (Perdue),491,Animal-based (Perdue) / 491,Similarity,103,3.9902912621359223,5.097087378640777,-1.1067961165048543,2.4290425022283637,0.23934066953510622,-1.5040848683349843,-0.7095073646747243,-1.5815271997090024,-0.6320650333007063,-1.5040848683349843,1.5040848683349843,-0.4556511940361265,-0.4522925857262779,-0.5263298583266506,0.4368932038834951,45,0.27184466019417475,0.1650485436893204,0.5631067961165048,1.105054600604708e-5,2.00185977483466e-5,2000,-1.5436893203883495,-0.6407766990291263,-0.6712903955378673,-0.26469212070136566,source-designated leader,1,0.671804186424343,FALSE,Does not meet NI criterion,1,0.999999999986584,FALSE,FALSE,,,,
Unbreaded_Chicken_StripsandChunks,Unbreaded Chicken Strips and Chunks,whole-muscle-like chunks,Plant-based Leader,702,Plant-based Leader / 702,TRUE,Animal-based (Tyson),674,Animal-based (Tyson) / 674,Similarity,98,3.2755102040816326,5.418367346938775,-2.142857142857143,2.283964720690936,0.23071527742734282,-2.526009374859318,-1.7597049108549676,-2.600763103334839,-1.6849511823794465,-2.526009374859318,2.526009374859318,-0.9382181447219965,-0.9309451358481825,-0.8508318990246702,0.24489795918367346,24,0.09183673469387756,0.15306122448979592,0.7551020408163265,4.6275068061534566e-15,1.3698664787907986e-11,2000,-2.5918367346938775,-1.6734693877551021,-1.2605189470120708,-0.6730706362817868,source-designated leader,1,0.9999984586192469,FALSE,Does not meet NI criterion,1,0.999999999986584,FALSE,FALSE,,,,
